timeStamp,elapsed,label,responseCode,responseMessage,threadName,dataType,success,failureMessage,bytes,sentBytes,grpThreads,allThreads,URL,Latency,IdleTime,Connect
1666028667992,40,17:07:27,200,OK,Thread Group 1-1,,true,,5243147,119,2,2,http://172.16.210.132/1-6,3,0,2
1666028668029,31,17:07:28,200,OK,Thread Group 1-2,,true,,5243147,119,2,2,http://172.16.210.132/1-6,5,0,3
1666028668060,26,17:07:28,200,OK,Thread Group 1-3,,true,,5243147,119,3,3,http://172.16.210.132/1-6,3,0,2
1666028668091,19,17:07:28,200,OK,Thread Group 1-4,,true,,5243147,119,4,4,http://172.16.210.132/1-6,3,0,3
1666028668126,28,17:07:28,200,OK,Thread Group 1-5,,true,,5243147,119,5,5,http://172.16.210.132/1-6,4,0,3
1666028668161,16,17:07:28,200,OK,Thread Group 1-6,,true,,5243147,119,6,6,http://172.16.210.132/1-6,3,0,2
1666028668193,22,17:07:28,200,OK,Thread Group 1-7,,true,,5243147,119,7,7,http://172.16.210.132/1-6,3,0,2
1666028668226,28,17:07:28,200,OK,Thread Group 1-8,,true,,5243147,119,8,8,http://172.16.210.132/1-6,2,0,2
1666028668260,29,17:07:28,200,OK,Thread Group 1-9,,true,,5243147,119,9,9,http://172.16.210.132/1-6,3,0,3
1666028668290,19,17:07:28,200,OK,Thread Group 1-10,,true,,5243147,119,10,10,http://172.16.210.132/1-6,3,0,2
1666028668327,90,17:07:28,200,OK,Thread Group 1-11,,true,,5243147,119,13,13,http://172.16.210.132/1-6,51,0,2
1666028668393,36,17:07:28,200,OK,Thread Group 1-1,,true,,5243146,119,14,14,http://172.16.210.132/1-6,2,0,0
1666028668634,31,17:07:28,200,OK,Thread Group 1-2,,true,,5243146,119,21,21,http://172.16.210.132/1-6,1,0,0
1666028668663,25,17:07:28,200,OK,Thread Group 1-3,,true,,5243146,119,22,22,http://172.16.210.132/1-6,2,0,0
1666028668896,36,17:07:28,200,OK,Thread Group 1-4,,true,,5243146,119,29,29,http://172.16.210.132/1-6,1,0,0
1666028669130,34,17:07:29,200,OK,Thread Group 1-5,,true,,5243146,119,30,30,http://172.16.210.132/1-6,2,0,0
1666028669366,39,17:07:29,200,OK,Thread Group 1-6,,true,,5243146,119,30,30,http://172.16.210.132/1-6,1,0,0
1666028668391,1066,17:07:28,200,OK,Thread Group 1-13,,true,,5243147,119,30,30,http://172.16.210.132/1-6,1006,0,2
1666028668360,1097,17:07:28,200,OK,Thread Group 1-12,,true,,5243147,119,30,30,http://172.16.210.132/1-6,1031,0,1
1666028669597,28,17:07:29,200,OK,Thread Group 1-7,,true,,5243146,119,30,30,http://172.16.210.132/1-6,2,0,0
1666028669826,38,17:07:29,200,OK,Thread Group 1-8,,true,,5243146,119,30,30,http://172.16.210.132/1-6,2,0,0
1666028670065,40,17:07:30,200,OK,Thread Group 1-9,,true,,5243146,119,30,30,http://172.16.210.132/1-6,1,0,0
1666028670295,34,17:07:30,200,OK,Thread Group 1-10,,true,,5243146,119,30,30,http://172.16.210.132/1-6,1,0,0
1666028668423,2010,17:07:28,200,OK,Thread Group 1-14,,true,,5243147,119,30,30,http://172.16.210.132/1-6,1961,0,3
1666028668492,1971,17:07:28,200,OK,Thread Group 1-16,,true,,5243147,119,30,30,http://172.16.210.132/1-6,1899,0,0
1666028668525,1941,17:07:28,200,OK,Thread Group 1-17,,true,,5243147,119,30,30,http://172.16.210.132/1-6,1873,0,0
1666028668457,2021,17:07:28,200,OK,Thread Group 1-15,,true,,5243147,119,30,30,http://172.16.210.132/1-6,1931,0,1
1666028670932,33,17:07:30,200,OK,Thread Group 1-11,,true,,5243146,119,30,30,http://172.16.210.132/1-6,1,0,0
1666028671197,38,17:07:31,200,OK,Thread Group 1-1,,true,,5243146,119,30,30,http://172.16.210.132/1-6,2,0,0
1666028668555,2950,17:07:28,200,OK,Thread Group 1-18,,true,,5243147,119,30,30,http://172.16.210.132/1-6,2835,0,0
1666028668656,2913,17:07:28,200,OK,Thread Group 1-21,,true,,5243147,119,30,30,http://172.16.210.132/1-6,2750,0,2
1666028668621,2950,17:07:28,200,OK,Thread Group 1-20,,true,,5243147,119,30,30,http://172.16.210.132/1-6,2780,0,1
1666028668686,2896,17:07:28,200,OK,Thread Group 1-22,,true,,5243147,119,30,30,http://172.16.210.132/1-6,2721,0,1
1666028668590,3000,17:07:28,200,OK,Thread Group 1-19,,true,,5243147,119,30,30,http://172.16.210.132/1-6,2810,0,1
1666028668722,2872,17:07:28,200,OK,Thread Group 1-23,,true,,5243147,119,30,30,http://172.16.210.132/1-6,2690,0,1
1666028668789,2806,17:07:28,200,OK,Thread Group 1-25,,true,,5243147,119,30,30,http://172.16.210.132/1-6,2625,0,0
1666028668755,2840,17:07:28,200,OK,Thread Group 1-24,,true,,5243147,119,30,30,http://172.16.210.132/1-6,2659,0,1
1666028668821,3652,17:07:28,200,OK,Thread Group 1-26,,true,,5243147,119,30,30,http://172.16.210.132/1-6,3575,0,1
1666028668856,3627,17:07:28,200,OK,Thread Group 1-27,,true,,5243147,119,30,30,http://172.16.210.132/1-6,3559,0,1
1666028668954,3535,17:07:28,200,OK,Thread Group 1-30,,true,,5243147,119,30,30,http://172.16.210.132/1-6,3471,0,1
1666028668888,3627,17:07:28,200,OK,Thread Group 1-28,,true,,5243147,119,30,30,http://172.16.210.132/1-6,3531,0,2
1666028668922,3596,17:07:28,200,OK,Thread Group 1-29,,true,,5243147,119,30,30,http://172.16.210.132/1-6,3502,0,4
1666028672830,35,17:07:32,200,OK,Thread Group 1-2,,true,,5243146,119,30,30,http://172.16.210.132/1-6,2,0,0
1666028673065,31,17:07:33,200,OK,Thread Group 1-3,,true,,5243146,119,30,30,http://172.16.210.132/1-6,1,0,0
1666028674365,38,17:07:34,200,OK,Thread Group 1-12,,true,,5243146,119,30,30,http://172.16.210.132/1-6,6,0,0
1666028674396,29,17:07:34,200,OK,Thread Group 1-13,,true,,5243146,119,30,30,http://172.16.210.132/1-6,4,0,0
1666028674427,20,17:07:34,200,OK,Thread Group 1-14,,true,,5243146,119,30,30,http://172.16.210.132/1-6,1,0,0
1666028674458,21,17:07:34,200,OK,Thread Group 1-15,,true,,5243146,119,30,30,http://172.16.210.132/1-6,1,0,0
1666028674496,22,17:07:34,200,OK,Thread Group 1-16,,true,,5243146,119,30,30,http://172.16.210.132/1-6,1,0,0
1666028674526,22,17:07:34,200,OK,Thread Group 1-17,,true,,5243146,119,30,30,http://172.16.210.132/1-6,0,0,0
1666028674558,22,17:07:34,200,OK,Thread Group 1-18,,true,,5243146,119,30,30,http://172.16.210.132/1-6,0,0,0
1666028674594,18,17:07:34,200,OK,Thread Group 1-19,,true,,5243146,119,30,30,http://172.16.210.132/1-6,1,0,0
1666028674625,20,17:07:34,200,OK,Thread Group 1-20,,true,,5243146,119,30,30,http://172.16.210.132/1-6,1,0,0
1666028674658,25,17:07:34,200,OK,Thread Group 1-21,,true,,5243146,119,30,30,http://172.16.210.132/1-6,1,0,0
1666028674690,23,17:07:34,200,OK,Thread Group 1-22,,true,,5243146,119,30,30,http://172.16.210.132/1-6,0,0,0
1666028674694,44,17:07:34,200,OK,Thread Group 1-4,,true,,5243147,119,30,30,http://172.16.210.132/1-6,3,0,1
1666028674725,17,17:07:34,200,OK,Thread Group 1-23,,true,,5243146,119,30,30,http://172.16.210.132/1-6,1,0,0
1666028674755,24,17:07:34,200,OK,Thread Group 1-24,,true,,5243146,119,30,30,http://172.16.210.132/1-6,1,0,0
1666028674793,18,17:07:34,200,OK,Thread Group 1-25,,true,,5243146,119,30,30,http://172.16.210.132/1-6,0,0,0
1666028674822,20,17:07:34,200,OK,Thread Group 1-26,,true,,5243146,119,30,30,http://172.16.210.132/1-6,1,0,0
1666028674860,17,17:07:34,200,OK,Thread Group 1-27,,true,,5243146,119,30,30,http://172.16.210.132/1-6,0,0,0
1666028674891,17,17:07:34,200,OK,Thread Group 1-28,,true,,5243146,119,30,30,http://172.16.210.132/1-6,1,0,0
1666028674926,14,17:07:34,200,OK,Thread Group 1-29,,true,,5243146,119,30,30,http://172.16.210.132/1-6,1,0,0
1666028674958,24,17:07:34,200,OK,Thread Group 1-30,,true,,5243146,119,30,30,http://172.16.210.132/1-6,1,0,0
1666028675129,25,17:07:35,200,OK,Thread Group 1-5,,true,,5243147,119,30,30,http://172.16.210.132/1-6,1,0,1
1666028675362,34,17:07:35,200,OK,Thread Group 1-6,,true,,5243147,119,30,30,http://172.16.210.132/1-6,2,0,1
1666028675594,56,17:07:35,200,OK,Thread Group 1-7,,true,,5243147,119,30,30,http://172.16.210.132/1-6,2,0,1
1666028675828,49,17:07:35,200,OK,Thread Group 1-8,,true,,5243147,119,30,30,http://172.16.210.132/1-6,2,0,1
1666028676064,45,17:07:36,200,OK,Thread Group 1-9,,true,,5243147,119,30,30,http://172.16.210.132/1-6,3,0,1
1666028676294,49,17:07:36,200,OK,Thread Group 1-10,,true,,5243147,119,30,30,http://172.16.210.132/1-6,3,0,1
1666028676932,51,17:07:36,200,OK,Thread Group 1-11,,true,,5243147,119,30,30,http://172.16.210.132/1-6,1,0,0
1666028677197,55,17:07:37,200,OK,Thread Group 1-1,,true,,5243147,119,30,30,http://172.16.210.132/1-6,2,0,1
1666028678833,39,17:07:38,200,OK,Thread Group 1-2,,true,,5243147,119,30,30,http://172.16.210.132/1-6,2,0,0
1666028679065,52,17:07:39,200,OK,Thread Group 1-3,,true,,5243147,119,30,30,http://172.16.210.132/1-6,1,0,1
1666028680363,40,17:07:40,200,OK,Thread Group 1-12,,true,,5243147,119,30,30,http://172.16.210.132/1-6,2,0,1
1666028680392,33,17:07:40,200,OK,Thread Group 1-13,,true,,5243147,119,30,30,http://172.16.210.132/1-6,5,0,3
1666028680427,25,17:07:40,200,OK,Thread Group 1-14,,true,,5243147,119,30,30,http://172.16.210.132/1-6,2,0,1
1666028680461,20,17:07:40,200,OK,Thread Group 1-15,,true,,5243147,119,30,30,http://172.16.210.132/1-6,1,0,1
1666028680495,26,17:07:40,200,OK,Thread Group 1-16,,true,,5243147,119,30,30,http://172.16.210.132/1-6,1,0,0
1666028680529,14,17:07:40,200,OK,Thread Group 1-17,,true,,5243147,119,30,30,http://172.16.210.132/1-6,1,0,0
1666028680559,26,17:07:40,200,OK,Thread Group 1-18,,true,,5243147,119,30,30,http://172.16.210.132/1-6,1,0,0
1666028680593,20,17:07:40,200,OK,Thread Group 1-19,,true,,5243147,119,30,30,http://172.16.210.132/1-6,2,0,1
1666028680623,17,17:07:40,200,OK,Thread Group 1-20,,true,,5243147,119,30,30,http://172.16.210.132/1-6,1,0,1
1666028680660,22,17:07:40,200,OK,Thread Group 1-21,,true,,5243147,119,30,30,http://172.16.210.132/1-6,2,0,1
1666028680690,38,17:07:40,200,OK,Thread Group 1-22,,true,,5243147,119,30,30,http://172.16.210.132/1-6,1,0,1
1666028680695,59,17:07:40,200,OK,Thread Group 1-4,,true,,5243147,119,30,30,http://172.16.210.132/1-6,5,0,2
1666028680726,28,17:07:40,200,OK,Thread Group 1-23,,true,,5243147,119,30,30,http://172.16.210.132/1-6,3,0,2
1666028680758,20,17:07:40,200,OK,Thread Group 1-24,,true,,5243147,119,30,30,http://172.16.210.132/1-6,2,0,1
1666028680792,18,17:07:40,200,OK,Thread Group 1-25,,true,,5243147,119,30,30,http://172.16.210.132/1-6,1,0,1
1666028680822,21,17:07:40,200,OK,Thread Group 1-26,,true,,5243147,119,30,30,http://172.16.210.132/1-6,1,0,0
1666028680859,23,17:07:40,200,OK,Thread Group 1-27,,true,,5243147,119,30,30,http://172.16.210.132/1-6,1,0,1
1666028680889,22,17:07:40,200,OK,Thread Group 1-28,,true,,5243147,119,30,30,http://172.16.210.132/1-6,2,0,1
1666028680926,17,17:07:40,200,OK,Thread Group 1-29,,true,,5243147,119,30,30,http://172.16.210.132/1-6,1,0,1
1666028680959,28,17:07:40,200,OK,Thread Group 1-30,,true,,5243147,119,30,30,http://172.16.210.132/1-6,1,0,1
1666028681130,26,17:07:41,200,OK,Thread Group 1-5,,true,,5243147,119,30,30,http://172.16.210.132/1-6,2,0,1
1666028681366,49,17:07:41,200,OK,Thread Group 1-6,,true,,5243147,119,30,30,http://172.16.210.132/1-6,2,0,1
1666028681596,50,17:07:41,200,OK,Thread Group 1-7,,true,,5243147,119,30,30,http://172.16.210.132/1-6,2,0,1
1666028681828,38,17:07:41,200,OK,Thread Group 1-8,,true,,5243147,119,30,30,http://172.16.210.132/1-6,2,0,1
1666028682061,34,17:07:42,200,OK,Thread Group 1-9,,true,,5243147,119,30,30,http://172.16.210.132/1-6,2,0,1
1666028682296,35,17:07:42,200,OK,Thread Group 1-10,,true,,5243147,119,30,30,http://172.16.210.132/1-6,2,0,1
1666028682930,42,17:07:42,200,OK,Thread Group 1-11,,true,,5243147,119,30,30,http://172.16.210.132/1-6,2,0,1
1666028683194,45,17:07:43,200,OK,Thread Group 1-1,,true,,5243147,119,30,30,http://172.16.210.132/1-6,1,0,1
1666028684834,35,17:07:44,200,OK,Thread Group 1-2,,true,,5243147,119,30,30,http://172.16.210.132/1-6,2,0,1
1666028685063,37,17:07:45,200,OK,Thread Group 1-3,,true,,5243147,119,30,30,http://172.16.210.132/1-6,1,0,0
1666028686366,58,17:07:46,200,OK,Thread Group 1-12,,true,,5243147,119,30,30,http://172.16.210.132/1-6,1,0,0
1666028686393,41,17:07:46,200,OK,Thread Group 1-13,,true,,5243147,119,30,30,http://172.16.210.132/1-6,3,0,2
1666028686428,22,17:07:46,200,OK,Thread Group 1-14,,true,,5243147,119,30,30,http://172.16.210.132/1-6,2,0,0
1666028686461,17,17:07:46,200,OK,Thread Group 1-15,,true,,5243147,119,30,30,http://172.16.210.132/1-6,1,0,0
1666028686495,22,17:07:46,200,OK,Thread Group 1-16,,true,,5243147,119,30,30,http://172.16.210.132/1-6,2,0,1
1666028686529,19,17:07:46,200,OK,Thread Group 1-17,,true,,5243147,119,30,30,http://172.16.210.132/1-6,0,0,0
1666028686557,20,17:07:46,200,OK,Thread Group 1-18,,true,,5243147,119,30,30,http://172.16.210.132/1-6,1,0,1
1666028686591,14,17:07:46,200,OK,Thread Group 1-19,,true,,5243147,119,30,30,http://172.16.210.132/1-6,1,0,1
1666028686626,21,17:07:46,200,OK,Thread Group 1-20,,true,,5243147,119,30,30,http://172.16.210.132/1-6,1,0,0
1666028686659,16,17:07:46,200,OK,Thread Group 1-21,,true,,5243147,119,30,30,http://172.16.210.132/1-6,1,0,0
1666028686691,29,17:07:46,200,OK,Thread Group 1-4,,true,,5243147,119,30,30,http://172.16.210.132/1-6,3,0,1
1666028686689,38,17:07:46,200,OK,Thread Group 1-22,,true,,5243147,119,30,30,http://172.16.210.132/1-6,1,0,1
1666028686724,24,17:07:46,200,OK,Thread Group 1-23,,true,,5243147,119,30,30,http://172.16.210.132/1-6,3,0,1
1666028686760,20,17:07:46,200,OK,Thread Group 1-24,,true,,5243147,119,30,30,http://172.16.210.132/1-6,1,0,0
1666028686791,18,17:07:46,200,OK,Thread Group 1-25,,true,,5243147,119,30,30,http://172.16.210.132/1-6,1,0,1
1666028686824,24,17:07:46,200,OK,Thread Group 1-26,,true,,5243147,119,30,30,http://172.16.210.132/1-6,1,0,1
1666028686859,18,17:07:46,200,OK,Thread Group 1-27,,true,,5243147,119,30,30,http://172.16.210.132/1-6,0,0,0
1666028686892,19,17:07:46,200,OK,Thread Group 1-28,,true,,5243147,119,30,30,http://172.16.210.132/1-6,1,0,0
1666028686923,21,17:07:46,200,OK,Thread Group 1-29,,true,,5243147,119,30,30,http://172.16.210.132/1-6,1,0,0
1666028686957,17,17:07:46,200,OK,Thread Group 1-30,,true,,5243147,119,30,30,http://172.16.210.132/1-6,2,0,1
1666028687127,24,17:07:47,200,OK,Thread Group 1-5,,true,,5243147,119,30,30,http://172.16.210.132/1-6,1,0,1
1666028687367,47,17:07:47,200,OK,Thread Group 1-6,,true,,5243147,119,30,30,http://172.16.210.132/1-6,2,0,1
1666028687598,45,17:07:47,200,OK,Thread Group 1-7,,true,,5243147,119,30,30,http://172.16.210.132/1-6,2,0,1
1666028687830,48,17:07:47,200,OK,Thread Group 1-8,,true,,5243147,119,30,30,http://172.16.210.132/1-6,1,0,1
1666028688063,39,17:07:48,200,OK,Thread Group 1-9,,true,,5243147,119,30,30,http://172.16.210.132/1-6,2,0,1
1666028688290,38,17:07:48,200,OK,Thread Group 1-10,,true,,5243147,119,30,30,http://172.16.210.132/1-6,3,0,1
1666028688928,49,17:07:48,200,OK,Thread Group 1-11,,true,,5243147,119,30,30,http://172.16.210.132/1-6,2,0,1
1666028689197,39,17:07:49,200,OK,Thread Group 1-1,,true,,5243147,119,30,30,http://172.16.210.132/1-6,1,0,0
1666028690833,41,17:07:50,200,OK,Thread Group 1-2,,true,,5243147,119,30,30,http://172.16.210.132/1-6,2,0,1
1666028691065,50,17:07:51,200,OK,Thread Group 1-3,,true,,5243147,119,30,30,http://172.16.210.132/1-6,1,0,1
1666028692365,38,17:07:52,200,OK,Thread Group 1-12,,true,,5243147,119,30,30,http://172.16.210.132/1-6,2,0,1
1666028692396,33,17:07:52,200,OK,Thread Group 1-13,,true,,5243147,119,29,29,http://172.16.210.132/1-6,4,0,2
1666028692426,19,17:07:52,200,OK,Thread Group 1-14,,true,,5243147,119,28,28,http://172.16.210.132/1-6,3,0,2
1666028692462,22,17:07:52,200,OK,Thread Group 1-15,,true,,5243147,119,27,27,http://172.16.210.132/1-6,1,0,0
1666028692495,19,17:07:52,200,OK,Thread Group 1-16,,true,,5243147,119,27,27,http://172.16.210.132/1-6,1,0,0
1666028692530,19,17:07:52,200,OK,Thread Group 1-17,,true,,5243147,119,27,27,http://172.16.210.132/1-6,1,0,1
1666028692558,20,17:07:52,200,OK,Thread Group 1-18,,true,,5243147,119,27,27,http://172.16.210.132/1-6,1,0,0
1666028692594,19,17:07:52,200,OK,Thread Group 1-19,,true,,5243147,119,27,27,http://172.16.210.132/1-6,1,0,0
1666028692624,28,17:07:52,200,OK,Thread Group 1-20,,true,,5243147,119,27,27,http://172.16.210.132/1-6,1,0,1
1666028692657,12,17:07:52,200,OK,Thread Group 1-21,,true,,5243147,119,26,26,http://172.16.210.132/1-6,1,0,1
1666028692690,28,17:07:52,200,OK,Thread Group 1-22,,true,,5243147,119,26,26,http://172.16.210.132/1-6,1,0,0
1666028692693,34,17:07:52,200,OK,Thread Group 1-4,,true,,5243147,119,26,26,http://172.16.210.132/1-6,3,0,1
1666028692726,19,17:07:52,200,OK,Thread Group 1-23,,true,,5243147,119,26,26,http://172.16.210.132/1-6,3,0,2
1666028692759,18,17:07:52,200,OK,Thread Group 1-24,,true,,5243147,119,26,26,http://172.16.210.132/1-6,1,0,1
1666028692791,17,17:07:52,200,OK,Thread Group 1-25,,true,,5243147,119,26,26,http://172.16.210.132/1-6,1,0,0
1666028692822,20,17:07:52,200,OK,Thread Group 1-26,,true,,5243147,119,26,26,http://172.16.210.132/1-6,1,0,0
1666028692860,18,17:07:52,200,OK,Thread Group 1-27,,true,,5243147,119,25,25,http://172.16.210.132/1-6,2,0,1
1666028692893,20,17:07:52,200,OK,Thread Group 1-28,,true,,5243147,119,25,25,http://172.16.210.132/1-6,1,0,1
1666028692926,19,17:07:52,200,OK,Thread Group 1-29,,true,,5243147,119,25,25,http://172.16.210.132/1-6,1,0,0
1666028692958,12,17:07:52,200,OK,Thread Group 1-30,,true,,5243147,119,25,25,http://172.16.210.132/1-6,1,0,1
1666028693128,27,17:07:53,200,OK,Thread Group 1-5,,true,,5243147,119,25,25,http://172.16.210.132/1-6,1,0,0
1666028693364,49,17:07:53,200,OK,Thread Group 1-6,,true,,5243147,119,24,24,http://172.16.210.132/1-6,3,0,2
1666028693599,50,17:07:53,200,OK,Thread Group 1-7,,true,,5243147,119,23,23,http://172.16.210.132/1-6,3,0,1
1666028693829,38,17:07:53,200,OK,Thread Group 1-8,,true,,5243147,119,22,22,http://172.16.210.132/1-6,1,0,0
1666028694066,34,17:07:54,200,OK,Thread Group 1-9,,true,,5243147,119,21,21,http://172.16.210.132/1-6,2,0,1
1666028694292,37,17:07:54,200,OK,Thread Group 1-10,,true,,5243147,119,20,20,http://172.16.210.132/1-6,1,0,0
1666028694932,35,17:07:54,200,OK,Thread Group 1-11,,true,,5243147,119,19,19,http://172.16.210.132/1-6,2,0,1
1666028695198,38,17:07:55,200,OK,Thread Group 1-1,,true,,5243147,119,18,18,http://172.16.210.132/1-6,2,0,1
1666028696831,35,17:07:56,200,OK,Thread Group 1-2,,true,,5243147,119,17,17,http://172.16.210.132/1-6,2,0,1
1666028697064,41,17:07:57,200,OK,Thread Group 1-3,,true,,5243147,119,16,16,http://172.16.210.132/1-6,3,0,2
1666028697858,75,17:07:57,200,OK,Thread Group 1-21,,true,,5243147,119,15,15,http://172.16.210.132/1-6,2,0,1
1666028697860,75,17:07:57,200,OK,Thread Group 1-27,,true,,5243146,119,14,14,http://172.16.210.132/1-6,4,0,0
1666028697888,109,17:07:57,200,OK,Thread Group 1-28,,true,,5243146,119,13,13,http://172.16.210.132/1-6,7,0,0
1666028697894,123,17:07:57,200,OK,Thread Group 1-4,,true,,5243147,119,12,12,http://172.16.210.132/1-6,8,0,3
1666028697923,109,17:07:57,200,OK,Thread Group 1-29,,true,,5243146,119,11,11,http://172.16.210.132/1-6,6,0,0
1666028697958,89,17:07:57,200,OK,Thread Group 1-30,,true,,5243146,119,10,10,http://172.16.210.132/1-6,6,0,0
1666028697958,107,17:07:57,200,OK,Thread Group 1-18,,true,,5243147,119,9,9,http://172.16.210.132/1-6,9,0,4
1666028697893,179,17:07:57,200,OK,Thread Group 1-16,,true,,5243147,119,8,8,http://172.16.210.132/1-6,8,0,4
1666028697928,148,17:07:57,200,OK,Thread Group 1-17,,true,,5243147,119,7,7,http://172.16.210.132/1-6,9,0,5
1666028697960,131,17:07:57,200,OK,Thread Group 1-24,,true,,5243147,119,6,6,http://172.16.210.132/1-6,9,0,5
1666028697859,240,17:07:57,200,OK,Thread Group 1-15,,true,,5243147,119,5,5,http://172.16.210.132/1-6,5,0,2
1666028697886,222,17:07:57,200,OK,Thread Group 1-22,,true,,5243147,119,4,4,http://172.16.210.132/1-6,10,0,4
1666028697993,122,17:07:57,200,OK,Thread Group 1-25,,true,,5243147,119,3,3,http://172.16.210.132/1-6,12,0,6
1666028697993,123,17:07:57,200,OK,Thread Group 1-19,,true,,5243147,119,2,2,http://172.16.210.132/1-6,12,0,6
1666028697922,202,17:07:57,200,OK,Thread Group 1-23,,true,,5243147,119,1,1,http://172.16.210.132/1-6,10,0,6
