label,Throughput,errors,elapsed,Latency,VmPeak,VmRSS,VmSize,VmHWM,VmPTE,Threads,MemFree,Buffers,Cached,Active,Inactive,Dirty,Writeback,AnonPages,Mapped,Slab,PageTables,Committed_AS,NumOfAllocFH,proc_fd
18:11:44,"9,90099",0.0,7.6,1.2,208652,21888,208652,,156,1,1519876,100260,748676,330640,1885080,10176,0,1337880,386496,187008,22912,5753668,8128,8128
18:11:45,"4,95868",0.0,13.666666666666666,1.3333333333333333,208652,21888,208652,,156,1,1501344,100292,749392,330736,1899976,10264,0,1353108,387500,186800,23248,5791128,8128,8128
18:11:46,"6,81199",0.0,25.0,0.8,208652,21888,208652,,156,1,1495188,100300,764760,331980,1900588,10236,0,1340152,396052,187348,23488,5793572,8096,8096
18:11:47,"4,96278",0.0,9.5,1.0,208652,21888,208652,,156,1,1472460,100328,771392,332008,1930424,10240,0,1365192,402660,186972,23536,5821132,8128,8128
18:11:49,"8,89680",0.0,20.8,1.0,208652,21888,208652,,156,1,1420740,100348,772416,332028,1962140,10172,0,1395404,403768,187420,23844,5868652,8160,8160
18:11:50,"4,98339",0.0,15.333333333333334,1.0,208652,21888,208652,,156,1,1428356,100356,772372,333068,1950640,10148,0,1383264,403660,188080,24596,5931440,8192,8192
18:11:51,"60,60606",0.0,14.5,1.0,208652,21888,208652,,156,1,1397716,100372,765132,335460,1975316,10152,0,1416716,396380,189240,25636,6022280,8128,8128
18:11:52,"4,42968",0.0,12.25,1.5,208652,21888,208652,,156,1,1356960,100372,756968,342728,2011656,10144,0,1471796,385372,188724,25532,6046604,8032,8032
18:11:53,"1000,00000",0.0,1.0,1.0,208652,21888,208652,,156,1,1305516,100388,744240,352360,2055468,10144,0,1534256,374460,189092,25468,6094880,7968,7968
18:11:55,"14,77833",0.0,13.0,1.3333333333333333,208652,21888,208652,,156,1,1224136,100388,751076,353868,2128500,10144,0,1602316,375576,188764,25704,6161468,7968,7968
18:11:56,"15,30612",0.0,8.666666666666666,2.0,208652,21888,208652,,156,1,1477040,100416,756032,353892,1866584,10148,0,1335580,375408,189004,25580,6182808,7968,7936
18:11:57,"2,16216",0.0,14.5,1.5,208652,21888,208652,,156,1,1539296,100416,755788,355456,1802696,11780,0,1273148,375704,188900,24592,5962312,7936,7936
18:11:58,"3,45622",0.0,46.66666666666666,1.6666666666666667,208652,21888,208652,,156,1,1578464,100424,755788,355464,1790176,11780,0,1260728,379652,188580,24556,5968440,7904,7904
18:11:59,"30,76923",0.0,31.0,1.5,208652,21888,208652,,156,1,1576732,100440,755776,355488,1789240,9844,0,1259644,375716,188688,24384,5950820,7904,7904
18:12:00,"1000,00000",0.0,1.0,1.0,208652,21888,208652,,156,1,1631288,100448,755776,355496,1737920,9364,0,1206372,375680,188400,24084,5921460,7904,7904
18:12:01,"6,83060",0.0,11.4,2.6,208652,21888,208652,,156,1,1645732,100456,755780,355504,1724520,9388,0,1193880,375596,188380,24256,5912092,7936,7936
18:12:02,"6,62252",0.0,1.5,1.5,208652,21888,208652,,156,1,1667292,100464,755784,355516,1710616,9388,0,1179160,375652,188332,23680,5896148,7936,7904
18:12:03,"200,00000",0.0,1.5,1.5,208652,21888,208652,,156,1,1674872,100472,755784,355520,1709768,52,0,1179252,374588,188236,23800,5879732,7936,7936
18:12:04,"4,12797",0.0,40.75,1.5,208652,21888,208652,,156,1,1670900,100480,755792,355544,1709084,132,0,1177860,375680,188056,23756,5871372,7904,7904
18:12:05,"18,51852",0.0,54.0,3.0,208652,21888,208652,,156,1,1674780,100488,755792,355552,1706888,132,0,1176008,375092,188096,23752,5863368,7936,7904
18:12:07,"10,90909",0.0,34.333333333333336,2.0,208652,21888,208652,,156,1,1683804,100496,755796,355560,1705088,132,0,1174532,375596,188140,23624,5851660,7904,7904
18:12:08,"14,92537",0.0,5.333333333333333,1.3333333333333333,208652,21888,208652,,156,1,1675380,100504,755796,355568,1689640,132,0,1157976,374840,188276,23520,5837860,7904,7904
18:12:09,"2,14823",0.0,33.0,1.5,208652,21888,208652,,156,1,1678872,100512,755792,358124,1695772,176,0,1171572,375764,188108,23636,5852164,7904,7904
18:12:10,"3,61446",0.0,8.333333333333334,1.6666666666666667,208652,21888,208652,,156,1,1670196,100520,755796,358132,1698932,176,0,1171180,375764,187800,23188,5844180,7904,7904
18:12:11,"24,69136",0.0,57.5,2.5,208652,21888,208652,,156,1,1663364,100528,755796,358140,1699476,176,0,1170272,375064,187832,23148,5837560,7904,7904
18:12:12,"500,00000",0.0,2.0,2.0,208652,21888,208652,,156,1,1676636,100536,755800,358148,1688884,180,0,1159780,374840,187588,23372,5835132,7872,7872
18:12:13,"7,03235",0.0,4.4,1.4,208652,21888,208652,,156,1,1686256,100544,755800,358156,1690364,180,0,1160928,375680,188056,23376,5843400,7904,7904
18:12:14,"6,57895",0.0,28.0,2.0,208652,21888,208652,,156,1,1683328,100552,755804,358164,1689368,168,0,1160912,375008,187880,23208,5834564,7904,7904
18:12:15,"18,01802",0.0,103.0,3.5,208652,21888,208652,,156,1,1689308,100560,755804,358172,1692496,172,0,1164032,375596,187716,23204,5837492,7872,7872
18:12:16,"4,45931",0.0,61.5,2.25,208652,21888,208652,,156,1,1686692,100568,755804,358180,1687216,172,0,1159032,375680,187924,23204,5842880,7904,7904
18:12:17,"142,85714",0.0,7.0,1.0,208652,21888,208652,,156,1,1695024,100576,755808,358188,1688164,172,0,1160208,374792,187908,23308,5836828,7904,7904
18:12:18,"6,71141",0.0,2.0,2.0,208652,21888,208652,,156,1,1690852,100584,755808,358196,1690476,172,0,1161224,375764,187944,23200,5835160,7904,7904
18:12:19,"12,39669",0.0,39.66666666666666,1.6666666666666667,208652,21888,208652,,156,1,1692756,100592,755808,358204,1691420,172,0,1162792,375596,187788,23116,5827052,7872,7872
18:12:20,"13,76147",0.0,13.666666666666666,2.333333333333333,208652,21888,208652,,156,1,1690112,100600,755808,358212,1689648,172,0,1159992,375680,187860,23368,5836108,7904,7872
18:12:22,"3,60577",0.0,37.66666666666666,2.6666666666666665,208652,21888,208652,,156,1,1689608,100608,755812,358220,1692440,172,0,1163368,375680,188120,23452,5860840,7904,7904
18:12:23,"33,33333",0.0,31.5,2.5,208652,21888,208652,,156,1,1684852,100616,755812,358228,1690552,172,0,1163880,374840,187888,23128,5835928,7904,7904
18:12:24,"13,51351",0.0,74.0,2.0,208652,21888,208652,,156,1,1687404,100624,755812,358236,1691348,172,0,1165624,375700,187884,23216,5829172,7872,7872
18:12:25,"7,15308",0.0,25.6,3.4,208652,21888,208652,,156,1,1685444,100632,755816,358244,1693336,176,0,1164232,375596,187700,23116,5838224,7872,7872
18:12:26,"5,84795",0.0,48.0,2.0,208652,21888,208652,,156,1,1679368,100640,755820,358252,1694376,176,0,1165472,375092,187960,23292,5839840,7904,7904
18:12:27,"24,39024",0.0,39.5,1.5,208652,21888,208652,,156,1,1663308,100672,755820,358284,1709948,196,0,1181356,375596,187812,23332,5855460,7904,7904
18:12:28,"4,13650",0.0,48.5,3.0,208652,21888,208652,,156,1,1672332,100680,755820,358292,1712048,196,0,1183036,375680,187900,23416,5847412,7904,7904
18:12:29,"500,00000",0.0,2.0,2.0,208652,21888,208652,,156,1,1665432,100688,755824,358300,1710492,200,0,1182344,375644,187812,23144,5849236,7872,7872
18:12:30,"5,57103",0.0,45.5,1.5,208652,21888,208652,,156,1,1664424,100696,755824,358308,1709472,188,0,1180784,375596,187924,23332,5858076,7904,7904
18:12:31,"14,85149",0.0,38.0,1.6666666666666667,208652,21888,208652,,156,1,1672804,100704,755824,358316,1700336,8,0,1171672,374840,187740,23220,5845092,7872,7872
18:12:32,"13,69863",0.0,16.333333333333332,3.0,208652,21888,208652,,156,1,1669724,100712,755824,358348,1698032,28,0,1169316,375640,187868,23056,5845996,7904,7904
18:12:33,"2,18579",0.0,37.0,2.0,208652,21888,208652,,156,1,1690048,100720,755828,358332,1697320,28,0,1170240,374840,187772,23052,5837988,7904,7904
18:12:34,"3,74065",0.0,7.333333333333333,2.0,208652,21888,208652,,156,1,1686332,100728,755828,358340,1696196,28,0,1171828,375596,187856,23212,5836076,7904,7904
18:12:36,"13,51351",0.0,74.0,3.0,208652,21888,208652,,156,1,1678972,100736,755828,358348,1697788,28,0,1171272,375680,187856,23124,5828700,7904,7904
18:12:37,"6,45161",0.0,26.4,2.0,208652,21888,208652,,156,1,1678092,100744,755832,358356,1697408,28,0,1171276,374840,187984,23120,5830780,7904,7872
18:12:38,"5,52486",0.0,31.5,2.0,208652,21888,208652,,156,1,1687692,100752,755836,358364,1692168,32,0,1169624,374672,188248,23380,5830332,7904,7904
18:12:39,"80,00000",0.0,11.5,2.5,208652,21888,208652,,156,1,1679576,100760,755836,358376,1696340,32,0,1169312,375632,187912,23324,5831920,7904,7904
18:12:40,"4,44444",0.0,33.5,1.75,208652,21888,208652,,156,1,1677812,100768,755836,358376,1697900,28,0,1170632,374644,187876,23224,5830152,7872,7872
18:12:41,"58,82353",0.0,17.0,2.0,208652,21888,208652,,156,1,1679108,100776,755840,358392,1699492,32,0,1172760,375580,188032,23216,5823880,7904,7904
18:12:42,"6,71141",0.0,22.5,1.5,208652,21888,208652,,156,1,1676108,100784,755840,358400,1700128,40,0,1177376,375736,188040,23344,5816604,7904,7904
18:12:43,"15,07538",0.0,1.3333333333333333,1.3333333333333333,208652,21888,208652,,156,1,1671472,100792,755840,358400,1699000,40,0,1172112,375660,187776,23216,5808664,7872,7872
18:12:44,"11,19403",0.0,31.666666666666668,2.6666666666666665,208652,21888,208652,,156,1,1682600,100800,755840,358416,1700548,40,0,1172992,374604,187864,23264,5809544,7872,7872
18:12:45,"2,05339",0.0,37.5,3.0,208652,21888,208652,,156,1,1675708,100808,755844,358424,1701936,40,0,1175216,375568,187876,23160,5810180,7872,7872
18:12:46,"3,61011",0.0,25.666666666666668,1.6666666666666667,208652,21888,208652,,156,1,1681840,100816,755844,358428,1699540,40,0,1172148,375680,187980,23140,5811384,7904,7904
18:12:47,"50,00000",0.0,24.0,1.0,208652,21888,208652,,156,1,1708460,100824,755844,358436,1664160,40,0,1137068,374756,188052,23220,5812080,7904,7904
18:12:48,"66,66667",0.0,15.0,2.0,208652,21888,208652,,156,1,1701532,100832,755848,358440,1666752,40,0,1139628,375604,187856,23292,5803964,7904,7904
18:12:50,"5,43478",0.0,65.5,2.0,208652,21888,208652,,156,1,1710808,100840,755848,358448,1655556,40,0,1128548,375748,188024,23072,5804612,7904,7904
18:12:51,"500,00000",0.0,1.5,1.5,208652,21888,208652,,156,1,1704548,100848,755852,358460,1656668,44,0,1129988,375512,188036,23224,5811372,7872,7872
18:12:52,"4,43951",0.0,9.25,1.75,208652,21888,208652,,156,1,1718108,100856,755852,358472,1652164,36,0,1125504,375752,187964,23244,5813944,7872,7872
18:12:53,"52,63158",0.0,19.0,2.0,208652,21888,208652,,156,1,1725208,100864,755856,358480,1653356,40,0,1128108,374636,187988,23112,5805792,7904,7904
18:12:54,"5,49451",0.0,60.0,2.0,208652,21888,208652,,156,1,1718140,100872,755856,358480,1656600,40,0,1130072,374860,187908,23380,5813028,7904,7904
18:12:55,"13,88889",0.0,7.666666666666667,1.6666666666666667,208652,21888,208652,,156,1,1712656,100880,755856,358492,1656388,40,0,1129308,374996,188068,23156,5815532,7872,7872
18:12:56,"12,82051",0.0,21.666666666666668,1.3333333333333333,208652,21888,208652,,156,1,1718452,100888,755860,358500,1651796,40,0,1125632,375640,188048,23308,5822792,7872,7872
18:12:57,"2,21729",0.0,38.0,2.0,208652,21888,208652,,156,1,1721472,100896,755860,358504,1651776,40,0,1128364,375704,188044,23236,5815832,7872,7872
18:12:58,"3,73134",0.0,6.666666666666667,2.0,208652,21888,208652,,156,1,1715120,100904,755860,358516,1654808,40,0,1129880,375680,188296,23308,5807068,7904,7904
18:12:59,"41,66667",0.0,24.5,1.5,208652,21888,208652,,156,1,1697224,100912,755860,358524,1670792,40,0,1145680,374840,187996,23204,5821276,7904,7872
18:13:00,"250,00000",0.0,4.0,1.0,208652,21888,208652,,156,1,1704792,100920,755864,358532,1667968,40,0,1143120,375764,188064,23252,5822896,7872,7872
18:13:01,"6,86813",0.0,71.0,2.4,208652,21888,208652,,156,1,1697496,100928,755864,358540,1670512,40,0,1144932,375628,188208,23180,5813988,7872,7872
18:13:02,"6,51466",0.0,9.0,1.5,208652,21888,208652,,156,1,1694400,100936,755864,358548,1671772,4,0,1147892,375772,188048,23412,5832544,7904,7904
18:13:04,"4,34311",0.0,18.75,1.25,208652,21888,208652,,156,1,1701572,100944,755868,358552,1663032,24,0,1138720,374808,188144,23136,5811656,7872,7872
18:13:05,"500,00000",0.0,2.0,2.0,208652,21888,208652,,156,1,1714688,100952,755872,358564,1659316,28,0,1134904,375680,188128,23272,5803924,7872,7872
18:13:06,"6,49351",0.0,15.5,2.0,208652,21888,208652,,156,1,1707044,100960,755872,358572,1662260,28,0,1136740,374588,188040,23252,5805596,7872,7872
18:13:07,"12,24490",0.0,31.33333333333333,1.0,208652,21888,208652,,156,1,1704676,100968,755872,358580,1662036,28,0,1141264,375680,188200,23408,5812904,7904,7904
18:13:08,"14,49275",0.0,5.0,2.333333333333333,208652,21888,208652,,156,1,1706896,100976,755876,358588,1663228,28,0,1138560,375764,188348,23564,5815384,7936,7904
18:13:09,"2,16920",0.0,9.5,2.0,208652,21888,208652,,156,1,1702428,100984,755876,358596,1665960,32,0,1140988,375596,188432,23228,5811104,7904,7904
18:13:10,"3,72671",0.0,35.0,2.0,208652,21888,208652,,156,1,1708828,100992,755876,358604,1661200,32,0,1137284,375680,187968,23232,5811640,7904,7904
18:13:11,"30,76923",0.0,46.5,3.0,208652,21888,208652,,156,1,1704132,101000,755880,358612,1664296,32,0,1139352,375596,188096,23320,5795160,7872,7872
18:13:12,"25,00000",0.0,40.0,2.0,208652,21888,208652,,156,1,1697792,101008,755880,358620,1667188,32,0,1142660,375648,188212,23256,5805500,7904,7904
18:13:13,"6,88705",0.0,41.6,1.8,208652,21888,208652,,156,1,1703048,101016,755880,358628,1663144,28,0,1138324,376724,187820,23132,5806588,7872,7872
18:13:14,"6,51466",0.0,4.5,1.5,208652,21888,208652,,156,1,1715596,101024,755880,358636,1660712,32,0,1135844,375764,187736,23244,5800372,7904,7904
18:13:15,"83,33333",0.0,10.5,2.0,208652,21888,208652,,156,1,1724300,101032,755888,358644,1660496,44,0,1135064,375092,187992,23328,5807448,7904,7904
18:13:16,"4,44939",0.0,16.25,2.5,208652,21888,208652,,156,1,1721236,101040,755888,358652,1654772,44,0,1130644,375688,187788,23216,5800400,7904,7904
18:13:18,"6,71141",0.0,2.0,2.0,208652,21888,208652,,156,1,1716932,101048,755888,358660,1656992,44,0,1134456,375680,187948,23320,5799948,7904,7872
18:13:19,"14,01869",0.0,11.666666666666666,1.6666666666666667,208652,21888,208652,,156,1,1715252,101056,755896,358668,1656112,48,0,1132860,374840,188060,23408,5809956,7904,7904
18:13:20,"14,49275",0.0,3.6666666666666665,1.0,208652,21888,208652,,156,1,1721804,101064,755896,358676,1649352,36,0,1127568,375680,187908,23152,5791920,7904,7904
18:13:21,"2,08117",0.0,63.0,2.0,208652,21888,208652,,156,1,1716448,101072,755896,358680,1651384,44,0,1130344,375212,187676,23180,5792940,7872,7872
18:13:22,"3,75000",0.0,14.333333333333334,1.0,208652,21888,208652,,156,1,1717096,101080,755896,358688,1655940,44,0,1132740,374932,187808,23332,5794720,7904,7904
18:13:23,"100,00000",0.0,9.0,2.0,208652,21888,208652,,156,1,1713608,101088,755900,358704,1659352,44,0,1135996,375768,187840,23244,5794948,7904,7904
18:13:24,"1000,00000",0.0,1.0,1.0,208652,21888,208652,,156,1,1724748,101096,755900,358708,1651412,40,0,1128252,374856,187792,23288,5803852,7904,7904
18:13:25,"7,13267",0.0,19.2,1.6,208652,21888,208652,,156,1,1729132,101104,755900,358716,1654296,40,0,1130264,375652,187792,23312,5786800,7872,7872
18:13:26,"6,60066",0.0,11.5,2.5,208652,21888,208652,,156,1,1724076,101112,755904,358724,1659004,48,0,1135540,375612,187980,23160,5794856,7904,7904
18:13:27,"33,89831",0.0,52.5,1.5,208652,21888,208652,,156,1,1720840,101120,755900,358724,1659628,48,0,1135944,375100,187952,23164,5788808,7872,7872
18:13:28,"4,45931",0.0,23.0,2.0,208652,21888,208652,,156,1,1719248,101128,755904,358740,1655864,48,0,1132744,375596,187988,23416,5798364,7904,7872
18:13:29,"55,55556",0.0,18.0,3.0,208652,21888,208652,,156,1,1723704,101136,755904,358748,1658104,44,0,1135684,375680,187880,23244,5799380,7904,7904
18:13:30,"6,80272",0.0,6.0,2.0,208652,21888,208652,,156,1,1716044,101144,755908,358756,1661164,48,0,1138036,375680,187992,23328,5800880,7904,7904
18:13:32,"12,04819",0.0,37.66666666666666,2.6666666666666665,208652,21888,208652,,156,1,1717220,101152,755912,358764,1663396,52,0,1139488,374524,188012,23136,5798772,7872,7872
18:13:33,"2,22222",0.0,17.0,1.5,208652,21888,208652,,156,1,1706744,101160,755912,358772,1666680,52,0,1144344,375588,187920,23268,5801240,7872,7872
18:13:34,"3,72671",0.0,4.0,1.6666666666666667,208652,21888,208652,,156,1,1715228,101168,755916,358780,1661472,8,0,1138260,375680,187860,23428,5792988,7904,7904
18:13:35,"86,95652",0.0,10.5,2.0,208652,21888,208652,,156,1,1712004,101176,755916,358788,1663640,28,0,1140608,374504,187840,23424,5805764,7904,7904
18:13:36,"500,00000",0.0,2.0,2.0,208652,21888,208652,,156,1,1709288,101184,755916,358796,1667500,24,0,1143348,375680,187752,23344,5803604,7904,7904
18:13:37,"7,11238",0.0,2.6,1.2,208652,21888,208652,,156,1,1708532,101192,755916,358804,1666880,32,0,1146212,375680,187796,23260,5794468,7872,7872
18:13:38,"6,62252",0.0,6.0,1.5,208652,21888,208652,,156,1,1709288,101200,755920,358812,1661172,32,0,1140008,375596,187988,23344,5804812,7904,7904
18:13:39,"2000,00000",0.0,1.0,1.0,208652,21888,208652,,156,1,1721520,101208,755920,358820,1657348,32,0,1134024,375604,187760,23196,5795732,7872,7872
18:13:40,"4,18410",0.0,38.75,2.0,208652,21888,208652,,156,1,1726976,101216,755904,358832,1659436,32,0,1135368,375560,188080,23372,5807056,7904,7904
18:13:41,"500,00000",0.0,2.0,2.0,208652,21888,208652,,156,1,1718672,101224,755924,358852,1661500,40,0,1137836,374824,187812,23152,5798672,7904,7872
18:13:42,"5,47945",0.0,42.5,2.0,208652,21888,208652,,156,1,1720888,101232,755924,358844,1662040,44,0,1138540,375712,188072,23180,5807456,7904,7904
18:13:43,"12,44813",0.0,39.333333333333336,1.6666666666666667,208652,21888,208652,,156,1,1721672,101240,755924,358852,1656212,48,0,1132408,375680,187828,23352,5809788,7904,7904
18:13:44,"10,10101",0.0,69.66666666666667,2.6666666666666665,208652,21888,208652,,156,1,1722244,101248,755928,358860,1659204,56,0,1135852,375580,187792,23432,5812016,7904,7904
18:13:46,"3,69004",0.0,13.666666666666666,1.3333333333333333,208652,21888,208652,,156,1,1714504,101256,755932,358868,1662796,56,0,1139124,375340,187752,23548,5814228,7904,7904
18:13:47,"30,76923",0.0,41.0,2.5,208652,21888,208652,,156,1,1705872,101264,755932,358876,1663880,52,0,1140604,375596,188004,23364,5816052,7904,7872
18:13:48,"13,69863",0.0,73.0,2.0,208652,21888,208652,,156,1,1718804,101272,755932,358880,1656696,52,0,1135280,375644,188100,23328,5815956,7872,7872
18:13:49,"6,49351",0.0,33.6,2.8,208652,21888,208652,,156,1,1709476,101280,755936,358892,1659996,52,0,1136548,374532,187920,23276,5816336,7904,7904
18:13:50,"6,19195",0.0,10.5,2.0,208652,21888,208652,,156,1,1706704,101288,755936,358900,1662296,52,0,1139020,375540,187920,23196,5817448,7904,7904
18:13:51,"1000,00000",0.0,1.0,1.0,208652,21888,208652,,156,1,1704252,101296,755936,358908,1664400,52,0,1140868,375672,188036,23368,5818548,7904,7904
18:13:52,"4,45434",0.0,16.75,1.5,208652,21888,208652,,156,1,1715372,101304,755936,358916,1660216,52,0,1137176,375680,187780,23284,5826120,7904,7904
18:13:53,"16,39344",0.0,61.0,2.0,208652,21888,208652,,156,1,1710568,101312,755940,358924,1662676,52,0,1140932,375680,188048,23376,5821108,7904,7904
18:13:54,"6,02410",0.0,21.0,2.0,208652,21888,208652,,156,1,1704888,101320,755940,358932,1665640,52,0,1142856,374848,188016,23352,5820468,7872,7872
18:13:55,"12,34568",0.0,38.333333333333336,1.6666666666666667,208652,21888,208652,,156,1,1705092,101328,755940,358960,1667204,52,0,1143752,375740,188112,23384,5820184,7872,7872
18:13:56,"10,94891",0.0,41.333333333333336,2.6666666666666665,208652,21888,208652,,156,1,1709404,101336,755944,358948,1657056,52,0,1133776,375680,188024,23288,5821980,7872,7872
18:13:57,"2,21484",0.0,10.0,1.5,208652,21888,208652,,156,1,1696808,101344,755944,358956,1671052,52,0,1148204,374588,188136,23408,5835400,7872,7872
18:13:58,"3,54191",0.0,33.666666666666664,1.6666666666666667,208652,21888,208652,,156,1,1698212,101352,755948,358964,1678564,56,0,1154520,375428,187848,23380,5830220,7904,7904
18:14:00,"500,00000",0.0,2.0,2.0,208652,21888,208652,,156,1,1694528,101360,755948,358968,1681244,56,0,1158460,375692,188028,23436,5830480,7904,7872
18:14:01,"7,17360",0.0,14.8,2.0,208652,21888,208652,,156,1,1692524,101368,755952,358980,1684764,56,0,1161744,375084,187968,23500,5839056,7904,7904
18:14:02,"6,60066",0.0,8.5,2.0,208652,21888,208652,,156,1,1703560,101376,755952,358988,1666380,56,0,1143704,375688,188056,23424,5821508,7936,7872
18:14:03,"86,95652",0.0,11.0,2.0,208652,21888,208652,,156,1,1699612,101384,755952,358996,1669372,52,0,1147432,375596,188228,23308,5830908,7904,7904
18:14:04,"4,37637",0.0,64.5,2.75,208652,21888,208652,,156,1,1688944,101392,755956,359004,1674660,52,0,1151872,375680,188112,23316,5838920,7872,7872
18:14:05,"200,00000",0.0,5.0,1.0,208652,21888,208652,,156,1,1694628,101400,755956,359012,1675940,52,0,1152324,375764,188284,23316,5831828,7904,7904
18:14:06,"6,71141",0.0,6.5,2.0,208652,21888,208652,,156,1,1699516,101408,755956,359020,1666136,28,0,1142788,375596,187896,23396,5830980,7904,7904
18:14:07,"14,56311",0.0,28.33333333333333,1.6666666666666667,208652,21888,208652,,156,1,1695872,101416,755956,359028,1669952,36,0,1146600,375680,188152,23228,5823684,7872,7872
18:14:08,"11,71875",0.0,48.0,2.0,208652,21888,208652,,156,1,1700720,101424,755960,359036,1669248,36,0,1146104,375664,188052,23244,5831156,7872,7872
18:14:09,"2,18579",0.0,14.5,2.0,208652,21888,208652,,156,1,1694744,101432,755968,359044,1672700,40,0,1149288,375712,188128,23272,5825540,7904,7904
18:14:10,"3,66300",0.0,5.333333333333333,1.3333333333333333,208652,21888,208652,,156,1,1701720,101440,755960,359052,1673488,40,0,1150116,375680,188144,23408,5824400,7872,7872
18:14:11,"105,26316",0.0,12.0,4.0,208652,21888,208652,,156,1,1699464,101448,755964,359060,1666644,40,0,1142668,375764,188144,23240,5843468,7872,7872
18:14:12,"1000,00000",0.0,1.0,1.0,208652,21888,208652,,156,1,1697512,101456,755968,359068,1665372,44,0,1142952,375680,188084,23412,5837556,7904,7904
18:14:14,"6,53595",0.0,11.5,2.0,208652,21888,208652,,156,1,1695440,101464,755968,359076,1662252,40,0,1138752,375680,188040,23324,5837576,7904,7904
18:14:15,"52,63158",0.0,20.0,1.5,208652,21888,208652,,156,1,1694252,101472,755968,359088,1666916,48,0,1142996,375592,188200,23392,5839124,7904,7904
18:14:16,"4,45434",0.0,18.25,1.5,208652,21888,208652,,156,1,1712588,101480,755972,359092,1661972,48,0,1138576,375676,188100,23436,5841716,7872,7872
18:14:17,"142,85714",0.0,7.0,2.0,208652,21888,208652,,156,1,1702996,101488,755972,359096,1665384,48,0,1141748,375604,188240,23292,5851696,7872,7872
18:14:18,"6,77966",0.0,1.5,1.5,208652,21888,208652,,156,1,1696960,101496,755972,359108,1668748,48,0,1147536,374672,188200,23328,5837624,7872,7872
18:14:19,"15,30612",0.0,36.0,1.3333333333333333,208652,21888,208652,,156,1,1689400,101504,755976,359120,1675440,44,0,1153212,375656,188144,23480,5840276,7904,7904
18:14:20,"10,34483",0.0,64.66666666666667,3.0,208652,21888,208652,,156,1,1705208,101512,755976,359124,1662924,48,0,1141592,374992,188120,23368,5851736,7904,7904
18:14:21,"2,18341",0.0,13.5,2.5,208652,21888,208652,,156,1,1698668,101520,755976,359132,1668752,48,0,1146264,375680,188248,23360,5851544,7904,7904
18:14:22,"3,55872",0.0,22.666666666666668,1.6666666666666667,208652,21888,208652,,156,1,1694748,101528,755976,359140,1672080,48,0,1148716,375596,188112,23360,5853112,7904,7904
18:14:23,"54,05405",0.0,18.5,1.0,208652,21888,208652,,156,1,1699488,101536,755980,359148,1674628,48,0,1155456,375680,188376,23420,5852168,7872,7872
18:14:24,"58,82353",0.0,17.0,2.0,208652,21888,208652,,156,1,1706624,101544,755980,359156,1670456,48,0,1146808,375680,188324,23360,5845828,7904,7872
18:14:25,"7,10227",0.0,26.0,1.8,208652,21888,208652,,156,1,1683716,101552,755984,359164,1688288,56,0,1165272,374924,188188,23476,5867424,7904,7872
18:14:26,"6,64452",0.0,11.5,2.5,208652,21888,208652,,156,1,1679936,101560,755988,359172,1692492,56,0,1168952,375680,188260,23312,5870656,7872,7904
18:14:28,"4,44939",0.0,15.25,1.0,208652,21888,208652,,156,1,1676408,101568,755988,359180,1686680,56,0,1165532,375596,188220,23392,5871208,7872,7872
18:14:29,"500,00000",0.0,2.0,2.0,208652,21888,208652,,156,1,1691404,101576,755988,359188,1671788,56,0,1148552,375720,188000,23408,5871864,7872,7872
18:14:30,"5,79710",0.0,26.5,2.0,208652,21888,208652,,156,1,1699232,101584,755988,359196,1671620,48,0,1148624,374844,188256,23256,5870880,7904,7872
18:14:31,"13,04348",0.0,23.0,1.0,208652,21888,208652,,156,1,1689336,101592,755992,359208,1675928,52,0,1156880,375660,188016,23360,5870336,7872,7872
18:14:32,"14,70588",0.0,8.666666666666666,1.0,208652,21888,208652,,156,1,1692464,101600,755992,359216,1667520,52,0,1144072,375664,187908,23320,5851596,7872,7872
18:14:33,"2,08986",0.0,36.0,2.0,208652,21888,208652,,156,1,1700224,101608,755992,359220,1665176,52,0,1141600,375680,187820,23368,5858780,7904,7904
18:14:34,"3,65854",0.0,6.333333333333333,1.6666666666666667,208652,21888,208652,,156,1,1703828,101616,755996,359228,1661828,52,0,1139264,375680,188192,23452,5860072,7904,7904
18:14:35,"250,00000",0.0,4.5,1.0,208652,21888,208652,,156,1,1696588,101624,755996,359236,1666112,52,0,1143004,375680,187968,23284,5859800,7904,7872
18:14:36,"1000,00000",0.0,1.0,1.0,208652,21888,208652,,156,1,1696660,101632,755996,359244,1665744,4,0,1146772,375680,187948,23276,5857056,7872,7872
18:14:37,"7,05219",0.0,5.0,2.2,208652,21888,208652,,156,1,1691000,101640,755988,359244,1661448,4,0,1138028,375680,187808,23196,5857056,7904,7872
18:14:38,"5,63380",0.0,28.5,3.5,208652,21888,208652,,156,1,1693740,101648,756000,359260,1668788,36,0,1146064,375680,187932,23444,5857444,7904,7872
18:14:39,"21,73913",0.0,83.0,3.5,208652,21888,208652,,156,1,1696840,101656,756004,359268,1666892,44,0,1143512,375680,187820,23072,5849112,7872,7872
18:14:40,"4,45434",0.0,1.25,1.25,208652,21888,208652,,156,1,1690932,101664,756004,359276,1672016,44,0,1148680,375344,187904,23240,5840980,7872,7872
18:14:42,"6,71141",0.0,38.0,2.5,208652,21888,208652,,156,1,1685708,101672,756008,359284,1667996,48,0,1145076,375680,187920,23324,5848900,7904,7904
18:14:43,"14,42308",0.0,17.666666666666668,1.6666666666666667,208652,21888,208652,,156,1,1685484,101680,756008,359292,1672788,48,0,1148444,375680,187700,23332,5851204,7904,7904
18:14:44,"13,39286",0.0,27.0,1.3333333333333333,208652,21888,208652,,156,1,1679744,101688,756008,359300,1672660,48,0,1149488,375764,187732,23336,5845484,7872,7872
18:14:45,"2,16450",0.0,14.0,1.5,208652,21888,208652,,156,1,1682856,101696,756012,359308,1686892,48,0,1163196,375680,187924,23376,5875352,7872,7872
18:14:46,"3,70828",0.0,2.0,2.0,208652,21888,208652,,156,1,1680884,101704,756012,359316,1678504,48,0,1155568,375596,187876,23408,5878096,7872,7872
18:14:47,"55,55556",0.0,34.5,2.5,208652,21888,208652,,156,1,1680884,101712,756012,359324,1684724,44,0,1161628,375680,187724,23296,5869300,7904,7904
18:14:48,"1000,00000",0.0,1.0,1.0,208652,21888,208652,,156,1,1677916,101720,756012,359336,1686560,48,0,1163232,374912,187724,23560,5880960,7872,7936
18:14:49,"7,02247",0.0,15.8,2.0,208652,21888,208652,,156,1,1699580,101728,756016,359340,1668120,48,0,1145616,375680,187900,23300,5867116,7904,7904
18:14:50,"5,97015",0.0,25.5,2.0,208652,21888,208652,,156,1,1701764,101736,756016,359348,1663904,48,0,1140980,375668,187812,23432,5867864,7904,7904
18:14:51,"20,20202",0.0,92.0,3.5,208652,21888,208652,,156,1,1696628,101744,756016,359364,1671632,48,0,1149856,375616,187800,23276,5859396,7872,7872
18:14:52,"4,17973",0.0,18.5,1.25,208652,21888,208652,,156,1,1685320,101752,756024,359364,1679308,48,0,1155704,374588,187616,23264,5860976,7904,7872
18:14:53,"500,00000",0.0,2.0,2.0,208652,21888,208652,,156,1,1697468,101760,756024,359372,1666252,48,0,1142056,375092,187836,23260,5858340,7872,7872
18:14:55,"12,04819",0.0,26.666666666666668,1.3333333333333333,208652,21888,208652,,156,1,1688452,101768,756024,359380,1673168,48,0,1149464,375092,187720,23176,5861112,7872,7872
18:14:56,"14,15094",0.0,6.333333333333333,1.3333333333333333,208652,21888,208652,,156,1,1688696,101776,756024,359388,1678244,48,0,1153904,375748,187612,23296,5865060,7904,7904
18:14:57,"2,07254",0.0,33.5,1.5,208652,21888,208652,,156,1,1684480,101784,756028,359396,1671224,44,0,1148532,375700,187944,23496,5876300,7904,7904
18:14:58,"3,69914",0.0,20.0,1.6666666666666667,208652,21888,208652,,156,1,1685200,101792,756028,359404,1680992,48,0,1158084,374840,187692,23356,5890068,7904,7872
18:14:59,"1000,00000",0.0,2.0,2.0,208652,21888,208652,,156,1,1674000,101800,756028,359412,1688276,48,0,1165348,374840,188100,23436,5896232,7904,7904
18:15:00,"38,46154",0.0,26.0,1.0,208652,21888,208652,,156,1,1669992,101808,756032,359424,1687096,48,0,1163556,375644,187876,23676,5890412,7904,7904
18:15:01,"7,12251",0.0,9.0,1.4,208652,21888,208652,,156,1,1667752,101820,756032,359440,1683232,132,0,1159700,374996,187856,23412,5892184,7904,7904
18:15:02,"6,49351",0.0,38.0,2.0,208652,21888,208652,,156,1,1690684,101828,756040,359488,1679124,304,0,1155876,375644,187984,23492,5880840,7872,7872
18:15:03,"200,00000",0.0,4.5,1.0,208652,21888,208652,,156,1,1684368,101836,756040,359496,1676992,304,0,1153496,374756,187908,23304,5872388,7872,7872
18:15:04,"4,44444",0.0,7.0,2.0,208652,21888,208652,,156,1,1668252,101844,756048,359504,1686364,308,0,1164040,375092,187808,23328,5885784,7872,7872
18:15:05,"500,00000",0.0,2.0,2.0,208652,21888,208652,,156,1,1667284,101852,756048,359540,1684328,308,0,1160724,375732,187972,23228,5886248,7872,7872
18:15:06,"5,64972",0.0,29.5,1.5,208652,21888,208652,,156,1,1663700,101860,756048,359520,1690872,164,0,1167300,374504,187756,23408,5887972,7872,7872
18:15:07,"13,33333",0.0,35.333333333333336,1.3333333333333333,208652,21888,208652,,156,1,1663564,101868,756052,359528,1683876,16,0,1161004,374840,187848,23392,5877512,7904,7904
18:15:08,"12,09677",0.0,26.666666666666668,1.6666666666666667,208652,21888,208652,,156,1,1672076,101876,756052,359536,1674752,36,0,1153828,374924,187964,23432,5878416,7904,7904
18:15:10,"3,70828",0.0,6.666666666666667,1.6666666666666667,208652,21888,208652,,156,1,1687236,101884,756052,359548,1672172,52,0,1148484,375680,188028,23504,5886848,7872,7872
18:15:11,"166,66667",0.0,11.5,1.0,208652,21888,208652,,156,1,1676988,101892,756052,359552,1680296,56,0,1156500,375704,187880,23560,5890964,7872,7872
18:15:12,"1000,00000",0.0,1.0,1.0,208652,21888,208652,,156,1,1657188,101900,763176,359556,1706944,56,0,1176512,381968,187972,23748,5903384,7936,7968
18:15:13,"7,15308",0.0,10.2,0.8,208652,21888,208652,,156,1,1663372,101908,763696,359576,1704252,80,0,1173836,381932,187912,23504,5918860,7936,7936
18:15:14,"6,47249",0.0,7.0,1.5,208652,21888,208652,,156,1,1659604,101932,763832,359600,1700412,80,0,1164964,382208,188068,23472,5925704,7936,7936
18:15:15,"2000,00000",0.0,1.0,1.0,208652,21888,208652,,156,1,1655456,101940,763836,359604,1706960,84,0,1172984,383180,187880,23540,5920040,7968,7968
18:15:16,"4,45931",0.0,20.25,1.5,208652,21888,208652,,156,1,1657752,101948,763836,359616,1711908,84,0,1177504,382524,188160,23304,5920328,7936,7936
18:15:17,"23,25581",0.0,43.0,2.0,208652,21888,208652,,156,1,1660800,101964,763852,359624,1702980,16,68,1170568,383224,187716,23344,5903864,7936,7936
18:15:18,"6,19195",0.0,39.0,2.0,208652,21888,208652,,156,1,1664184,101980,763088,359648,1698456,96,0,1164420,382488,187908,23320,5909912,7936,7936
18:15:19,"13,15789",0.0,30.33333333333333,0.6666666666666666,208652,21888,208652,,156,1,1649356,101996,763796,359664,1707236,96,0,1172188,381692,188004,23348,5908808,7936,7936
18:15:20,"12,04819",0.0,16.333333333333332,1.0,208652,21888,208652,,156,1,1664772,102004,763796,359676,1702320,88,0,1167152,382900,187944,23512,5918232,7968,7968
18:15:21,"2,21484",0.0,13.0,1.0,208652,21888,208652,,156,1,1660064,102012,763796,359700,1693828,92,0,1158556,382852,187728,23536,5899320,7968,7968
18:15:22,"3,57143",0.0,29.33333333333333,1.0,208652,21888,208652,,156,1,1654800,102020,763800,359688,1701312,92,0,1166160,382780,187884,23528,5907092,7968,7936
18:15:23,"400,00000",0.0,3.0,1.0,208652,21888,208652,,156,1,1654228,102028,763784,359696,1708312,92,0,1172420,382764,188376,23612,5914600,7968,7968
18:15:24,"58,82353",0.0,17.0,2.0,208652,21888,208652,,156,1,1674512,102036,759384,362056,1677020,92,0,1150456,376048,187916,23232,5857436,7840,7840
18:15:26,"6,55738",0.0,5.5,2.0,208652,21888,208652,,156,1,1665192,102044,754560,362080,1678660,96,0,1155352,372408,187988,23208,5850032,7808,7808
18:15:27,"153,84615",0.0,8.0,2.5,208652,21888,208652,,156,1,1659748,102052,754564,362088,1701708,96,0,1177772,372424,188128,23476,5862664,7776,7776
18:15:28,"4,18848",0.0,44.75,1.75,208652,21888,208652,,156,1,1668040,102076,754564,362112,1684736,116,0,1161796,372340,187720,23152,5854984,7808,7808
18:15:29,"500,00000",0.0,2.0,2.0,208652,21888,208652,,156,1,1665116,102084,754564,362120,1685184,116,0,1162564,372388,187912,23308,5847404,7808,7808
18:15:30,"6,57895",0.0,4.5,1.0,208652,21888,208652,,156,1,1653156,102092,754568,362128,1694104,116,0,1171440,371568,187940,23204,5858952,7808,7808
18:15:31,"14,77833",0.0,8.666666666666666,1.3333333333333333,208652,21888,208652,,156,1,1659072,102100,754568,362136,1693572,116,0,1170856,372408,188004,23376,5860972,7808,7808
18:15:32,"14,01869",0.0,16.0,2.0,208652,21888,208652,,156,1,1665668,102108,754572,362144,1687068,112,0,1164180,372048,187776,23244,5868004,7808,7808
18:15:33,"2,09864",0.0,26.0,1.5,208652,21888,208652,,156,1,1664700,102116,754572,362152,1693180,112,0,1173632,372384,187648,23204,5869116,7808,7776
18:15:34,"3,70828",0.0,5.666666666666667,1.0,208652,21888,208652,,156,1,1661880,102124,755776,362160,1694860,112,0,1170436,372804,188152,23380,5865300,7808,7808
18:15:35,"250,00000",0.0,3.0,1.0,208652,21888,208652,,156,1,1663216,102132,756288,362168,1692844,116,0,1168608,374072,187668,23300,5865492,7808,7808
18:15:36,"100,00000",0.0,10.0,1.0,208652,21888,208652,,156,1,1657712,102140,756308,362180,1701072,116,0,1175972,373000,187636,23180,5876040,7808,7808
18:15:37,"6,83060",0.0,21.0,0.8,208652,21888,208652,,156,1,1662572,102148,756824,362192,1688064,116,0,1162788,374544,187840,23252,5858628,7808,7808
18:15:38,"5,52486",0.0,33.5,1.5,208652,21888,208652,,156,1,1678628,102156,756824,362196,1677588,32,0,1153660,374628,187584,23372,5861136,7840,7840
18:15:39,"80,00000",0.0,11.0,1.5,208652,21888,208652,,156,1,1670100,102164,755028,362204,1683988,32,0,1162688,372772,187364,23204,5852408,7808,7776
18:15:40,"4,43459",0.0,31.5,1.25,208652,21888,208652,,156,1,1672184,102172,754988,362212,1681684,32,0,1157296,372896,187280,23116,5860540,7808,7808
18:15:42,"6,82594",0.0,25.5,1.0,208652,21888,208652,,156,1,1678572,102180,754988,362220,1666800,32,0,1143416,372392,187436,23204,5850440,7808,7808
18:15:43,"13,95349",0.0,7.666666666666667,1.0,208652,21888,208652,,156,1,1675036,102188,753964,362228,1689132,36,0,1165324,371848,187472,23272,5870068,7808,7808
18:15:44,"14,70588",0.0,1.0,1.0,208652,21888,208652,,156,1,1675292,102196,753968,362236,1687792,40,0,1165340,371032,187436,23236,5873596,7776,7776
18:15:45,"2,15750",0.0,11.5,2.5,208652,21888,208652,,156,1,1665756,102204,753972,362244,1682888,40,0,1162180,371780,187376,23376,5875500,7808,7808
18:15:46,"3,69004",0.0,17.666666666666668,2.333333333333333,208652,21888,208652,,156,1,1672196,102212,753972,362252,1682236,40,0,1159092,371788,187236,23336,5873132,7808,7808
18:15:47,"333,33333",0.0,3.5,1.0,208652,21888,208652,,156,1,1667240,102220,753972,362260,1680332,40,0,1159724,371788,187600,23336,5869276,7808,7808
18:15:48,"26,31579",0.0,38.0,1.0,208652,21888,208652,,156,1,1668388,102228,753976,362268,1678084,44,0,1154892,371848,187316,23124,5853932,7776,7776
18:15:49,"6,81199",0.0,66.2,3.4,208652,21888,208652,,156,1,1665228,102236,753976,362276,1683184,44,0,1160464,371848,187228,23168,5841064,7776,7776
18:15:50,"6,62252",0.0,4.0,1.5,208652,21888,208652,,156,1,1681640,102244,753976,362284,1681692,44,0,1161228,370840,187276,23052,5858268,7744,7744
18:15:51,"21,97802",0.0,82.5,3.0,208652,21888,208652,,156,1,1671132,102252,753976,362312,1679568,44,0,1158900,371728,187372,23176,5858208,7776,7776
18:15:52,"4,43951",0.0,4.0,1.5,208652,21888,208652,,156,1,1663096,102260,753980,362300,1688152,44,0,1168292,371680,187612,23160,5859464,7776,7776
18:15:53,"14,70588",0.0,68.0,1.0,208652,21888,208652,,156,1,1676104,102268,753980,362308,1680608,44,0,1159644,371764,187508,23252,5859420,7776,7776
18:15:55,"14,28571",0.0,17.0,1.3333333333333333,208652,21888,208652,,156,1,1688328,102276,753980,362316,1670332,44,0,1148780,370672,187744,23172,5866468,7776,7776
18:15:56,"12,87554",0.0,22.33333333333333,1.0,208652,21888,208652,,156,1,1677380,102284,753984,362324,1679368,44,0,1157936,371764,187332,23260,5859468,7776,7776
18:15:57,"2,17628",0.0,44.5,3.0,208652,21888,208652,,156,1,1662088,102292,753988,362332,1688760,48,0,1167804,371848,187612,23712,5867684,7840,7840
18:15:58,"3,72671",0.0,18.33333333333333,2.333333333333333,208652,21888,208652,,156,1,1674100,102300,753988,362340,1689540,44,0,1170076,371848,187800,23496,5899324,7808,7808
18:15:59,"43,47826",0.0,32.0,1.0,208652,21888,208652,,156,1,1665280,102308,753988,362348,1697772,48,0,1176744,370924,187248,23360,5890872,7808,7808
18:16:00,"29,41176",0.0,34.0,1.0,208652,21888,208652,,156,1,1668132,102316,753992,362356,1694184,52,0,1176040,370924,187464,23332,5875100,7776,7776
18:16:01,"7,09220",0.0,25.0,1.6,208652,21888,208652,,156,1,1663020,102324,753992,362364,1696264,52,0,1174604,371652,187488,23364,5883184,7808,7808
18:16:02,"6,64452",0.0,1.5,1.5,208652,21888,208652,,156,1,1652848,102332,753992,362372,1705328,52,0,1184348,371764,187552,23236,5884016,7808,7776
18:16:03,"50,00000",0.0,31.0,1.0,208652,21888,208652,,156,1,1668848,102340,753996,362380,1696100,52,0,1175368,371764,187388,23124,5868340,7776,7776
18:16:04,"4,26894",0.0,37.0,2.0,208652,21888,208652,,156,1,1669336,102348,754072,362380,1692832,52,0,1171928,371764,187472,23124,5875928,7808,7808
18:16:05,"100,00000",0.0,10.0,2.0,208652,21888,208652,,156,1,1668116,102356,753996,362408,1679268,52,0,1159408,371744,187572,23168,5873476,7776,7776
18:16:06,"6,71141",0.0,2.0,2.0,208652,21888,208652,,156,1,1663132,102364,753996,362404,1680264,52,0,1159536,371764,187564,23100,5866552,7776,7776
18:16:07,"14,77833",0.0,4.333333333333333,1.6666666666666667,208652,21888,208652,,156,1,1665188,102372,754000,362412,1677892,52,0,1156924,370672,187380,23184,5859036,7776,7776
18:16:09,"2,17391",0.0,26.5,2.0,208652,21888,208652,,156,1,1670692,102380,754000,362420,1679068,48,0,1157840,373192,187316,23484,5869772,7840,7776
18:16:10,"3,43249",0.0,25.666666666666668,2.6666666666666665,208652,21888,208652,,156,1,1669064,102388,754004,362428,1683340,12,0,1162860,371764,187472,23316,5876660,7776,7776
18:16:11,"28,98551",0.0,52.5,3.0,208652,21888,208652,,156,1,1670392,102396,754008,362436,1672312,36,0,1152160,371764,187576,23308,5877184,7776,7776
18:16:12,"47,61905",0.0,21.0,3.0,208652,21888,208652,,156,1,1666304,102404,754008,362444,1680736,36,0,1160060,371344,187340,23312,5871540,7808,7808
18:16:13,"6,67557",0.0,26.4,1.6,208652,21888,208652,,156,1,1656084,102412,754008,362452,1689784,36,0,1169636,370924,187552,23372,5875268,7808,7808
18:16:14,"6,62252",0.0,3.5,2.0,208652,21888,208652,,156,1,1677148,102420,754008,362460,1678328,28,0,1157892,371848,187452,23200,5871652,7776,7744
18:16:15,"47,61905",0.0,18.5,0.5,208652,21888,208652,,156,1,1665612,102428,754012,362468,1683732,40,0,1163908,371848,187316,23200,5876036,7776,7776
18:16:16,"4,33839",0.0,19.0,1.75,208652,21888,208652,,156,1,1663368,102436,754012,362476,1678580,40,0,1158072,370756,187388,23200,5876080,7776,7776
18:16:17,"500,00000",0.0,2.0,2.0,208652,21888,208652,,156,1,1675656,102444,754012,362484,1674608,40,0,1153452,371176,187404,23360,5873952,7776,7776
18:16:18,"6,80272",0.0,2.0,2.0,208652,21888,208652,,156,1,1667396,102452,754016,362508,1683880,40,0,1162780,371060,187520,23232,5875812,7776,7776
18:16:19,"13,04348",0.0,41.0,2.0,208652,21888,208652,,156,1,1677804,102460,754016,362500,1684188,36,0,1163120,370672,187708,23288,5875704,7776,7776
18:16:20,"14,56311",0.0,15.0,2.0,208652,21888,208652,,156,1,1672668,102468,754016,362508,1681388,40,0,1160132,370672,187336,23404,5875300,7808,7808
18:16:21,"2,18341",0.0,7.5,1.5,208652,21888,208652,,156,1,1666392,102476,754016,362516,1694404,40,0,1173564,371820,187636,23432,5897420,7776,7776
18:16:23,"60,60606",0.0,29.5,3.0,208652,21888,208652,,156,1,1658104,102484,754024,362524,1705952,44,0,1185296,370924,187604,23612,5907384,7808,7808
18:16:24,"14,49275",0.0,69.0,2.0,208652,21888,208652,,156,1,1660200,102492,754024,362532,1696864,44,0,1177436,371680,187496,23268,5887852,7776,7776
18:16:25,"6,99301",0.0,28.0,2.4,208652,21888,208652,,156,1,1663064,102500,754024,362540,1692544,44,0,1172028,371744,187532,23328,5888584,7808,7808
18:16:26,"6,49351",0.0,2.5,1.0,208652,21888,208652,,156,1,1666808,102508,754028,362548,1689472,44,0,1170060,370924,187260,23204,5877408,7776,7776
18:16:27,"142,85714",0.0,6.0,1.5,208652,21888,208652,,156,1,1678540,102516,754028,362556,1679580,44,0,1159100,371176,187576,23208,5888260,7776,7776
18:16:28,"4,46927",0.0,25.5,1.75,208652,21888,208652,,156,1,1668892,102524,754028,362564,1688344,44,0,1167540,371624,187700,23212,5888464,7776,7776
18:16:29,"500,00000",0.0,2.0,2.0,208652,21888,208652,,156,1,1656820,102532,754028,362572,1696572,44,0,1177732,371680,187604,23236,5880588,7776,7776
18:16:30,"6,71141",0.0,36.0,1.5,208652,21888,208652,,156,1,1660040,102540,754032,362580,1685656,40,0,1165540,371680,187680,23224,5888356,7776,7776
18:16:31,"12,71186",0.0,42.66666666666666,2.333333333333333,208652,21888,208652,,156,1,1666544,102548,754032,362588,1695748,44,0,1175716,371764,187496,23228,5889600,7808,7808
18:16:32,"12,55230",0.0,20.666666666666668,1.3333333333333333,208652,21888,208652,,156,1,1668720,102556,753960,362588,1693672,40,0,1172844,370920,187544,23340,5894464,7808,7808
18:16:33,"2,20264",0.0,1.0,1.0,208652,21888,208652,,156,1,1666568,102564,754036,362612,1685180,40,0,1164600,371428,187568,23228,5890988,7808,7776
18:16:34,"3,72208",0.0,24.0,2.0,208652,21888,208652,,156,1,1670260,102572,754036,362620,1695628,40,0,1174600,371764,187724,23144,5890596,7776,7776
18:16:35,"95,23810",0.0,11.5,2.0,208652,21888,208652,,156,1,1677344,102580,754036,362628,1671692,40,0,1152760,371680,187632,23464,5880048,7808,7808
18:16:37,"7,13267",0.0,7.4,1.8,208652,21888,208652,,156,1,1669404,102588,754040,362636,1681112,44,0,1160276,371764,187568,23292,5880440,7808,7776
18:16:38,"6,23053",0.0,11.0,2.0,208652,21888,208652,,156,1,1673840,102596,754044,362644,1679016,44,0,1162524,370924,187496,23216,5881300,7776,7776
18:16:39,"64,51613",0.0,29.5,2.0,208652,21888,208652,,156,1,1667360,102604,754044,362652,1680924,44,0,1160244,371848,187476,23208,5872532,7808,7808
18:16:40,"4,47427",0.0,25.5,1.75,208652,21888,208652,,156,1,1667184,102612,754044,362660,1687452,44,0,1166900,371620,187528,23104,5879044,7776,7776
18:16:41,"1000,00000",0.0,1.0,1.0,208652,21888,208652,,156,1,1665520,102620,754048,362668,1688704,40,4,1168424,371832,187632,23216,5893272,7776,7776
18:16:42,"6,62252",0.0,13.5,1.5,208652,21888,208652,,156,1,1659304,102628,754048,362676,1691112,36,0,1170676,371848,187520,23160,5897156,7808,7808
18:16:43,"11,62791",0.0,20.33333333333333,1.3333333333333333,208652,21888,208652,,156,1,1667968,102636,754048,362680,1691720,36,0,1170124,370964,187824,23360,5903360,7808,7808
18:16:44,"12,04819",0.0,39.66666666666666,2.0,208652,21888,208652,,156,1,1669308,102644,754052,362692,1680240,36,0,1159164,371848,187876,23248,5893940,7776,7776
18:16:45,"2,19780",0.0,36.5,2.0,208652,21888,208652,,156,1,1662604,102652,754052,362700,1681876,36,0,1160512,371848,187592,23260,5896944,7776,7776
18:16:46,"3,69914",0.0,12.333333333333334,1.3333333333333333,208652,21888,208652,,156,1,1682960,102660,754052,362720,1680604,36,0,1159428,371864,187708,23292,5907548,7776,7776
18:16:47,"250,00000",0.0,4.5,1.5,208652,21888,208652,,156,1,1669028,102668,754052,362716,1678384,36,0,1159096,371512,187776,23260,5900432,7776,7776
18:16:48,"52,63158",0.0,19.0,3.0,208652,21888,208652,,156,1,1664268,102676,754056,362724,1690520,36,0,1170104,371764,187936,23436,5912968,7840,7808
18:16:50,"5,44959",0.0,35.5,2.0,208652,21888,208652,,156,1,1674044,102684,754060,362732,1676332,40,0,1155392,370924,187856,23432,5904000,7808,7808
18:16:51,"31,25000",0.0,46.5,1.5,208652,21888,208652,,156,1,1672952,102692,754060,362740,1682020,40,0,1161488,371764,187740,23352,5904556,7776,7776
18:16:52,"4,44444",0.0,45.0,3.0,208652,21888,208652,,156,1,1693444,102700,754064,362748,1663512,36,0,1142628,370864,187788,23272,5903376,7776,7776
18:16:53,"166,66667",0.0,6.0,1.0,208652,21888,208652,,156,1,1665140,102708,754064,362756,1688268,40,0,1170056,371764,187536,23392,5912772,7808,7808
18:16:54,"6,41026",0.0,8.5,1.0,208652,21888,208652,,156,1,1670440,102716,754064,362764,1694700,44,0,1174204,371772,187576,23296,5928124,7776,7776
18:16:55,"12,71186",0.0,23.0,1.6666666666666667,208652,21888,208652,,156,1,1667372,102724,754064,362772,1685404,44,0,1164272,371772,187600,23476,5919584,7808,7808
18:16:56,"14,15094",0.0,29.666666666666668,2.0,208652,21888,208652,,156,1,1672316,102732,754068,362784,1696232,44,0,1175252,371668,187792,23324,5920128,7808,7808
18:16:57,"2,22222",0.0,17.0,2.0,208652,21888,208652,,156,1,1668876,102740,754068,362788,1673904,40,0,1152760,370676,187412,23260,5907808,7776,7776
18:16:58,"3,51288",0.0,22.33333333333333,1.6666666666666667,208652,21888,208652,,156,1,1665572,102748,754068,362796,1690724,44,0,1170184,371764,187396,23308,5929868,7776,7776
18:16:59,"46,51163",0.0,24.0,2.0,208652,21888,208652,,156,1,1678996,102756,754072,362804,1685460,44,0,1166736,371764,187336,23232,5914560,7776,7776
18:17:00,"500,00000",0.0,2.0,2.0,208652,21888,208652,,156,1,1670408,102764,754036,362812,1685852,44,0,1164992,371876,187584,23436,5928480,7776,7776
18:17:01,"6,68449",0.0,13.2,1.4,208652,21888,208652,,156,1,1671628,102784,754200,362836,1688840,220,0,1167244,371772,187536,23320,5929572,7776,7776
18:17:02,"6,23053",0.0,11.5,2.0,208652,21888,208652,,156,1,1672792,102792,754200,362844,1676644,224,0,1155040,371012,187360,23284,5908964,7776,7776
18:17:03,"25,64103",0.0,37.0,2.0,208652,21888,208652,,156,1,1676368,102800,754208,362852,1679552,228,0,1158376,371768,187420,23456,5920144,7808,7808
18:17:05,"71,42857",0.0,14.0,2.0,208652,21888,208652,,156,1,1670920,102808,754208,362860,1689704,228,0,1168856,371604,187492,23304,5903920,7808,7808
18:17:06,"6,73401",0.0,2.0,2.0,208652,21888,208652,,156,1,1674200,102816,754208,362868,1675304,228,0,1154128,371012,187624,23372,5900936,7776,7808
18:17:07,"13,33333",0.0,18.666666666666668,1.3333333333333333,208652,21888,208652,,156,1,1674784,102824,754212,362876,1679196,228,0,1158096,371768,187500,23364,5918116,7776,7776
18:17:08,"14,49275",0.0,5.0,1.0,208652,21888,208652,,156,1,1676764,102832,754212,362884,1669144,220,0,1147536,370928,187472,23200,5908816,7776,7776
18:17:09,"2,18818",0.0,8.5,2.0,208652,21888,208652,,156,1,1680192,102840,754212,362892,1679368,224,0,1158680,371852,187420,23268,5920048,7808,7808
18:17:10,"3,71287",0.0,2.0,2.0,208652,21888,208652,,156,1,1668348,102848,754212,362900,1681888,224,0,1161044,371768,187732,23296,5910588,7776,7776
18:17:11,"153,84615",0.0,8.0,2.5,208652,21888,208652,,156,1,1670656,102856,754216,362908,1680544,224,0,1159520,371684,187568,23368,5910940,7776,7776
18:17:12,"142,85714",0.0,7.0,1.0,208652,21888,208652,,156,1,1679824,102864,754216,362916,1683700,224,0,1162536,371768,187344,23288,5911364,7776,7776
18:17:13,"7,11238",0.0,43.6,2.6,208652,21888,208652,,156,1,1670964,102872,754216,362924,1683088,188,0,1161396,371720,187584,23216,5909968,7776,7776
18:17:14,"6,68896",0.0,10.5,2.0,208652,21888,208652,,156,1,1673192,102880,754220,362932,1679952,188,0,1159264,371096,187432,23372,5912600,7776,7776
18:17:15,"27,39726",0.0,49.5,2.5,208652,21888,208652,,156,1,1665012,102888,754220,362940,1685004,188,0,1163636,371264,187464,23300,5914716,7776,7776
18:17:16,"4,44444",0.0,10.0,1.0,208652,21888,208652,,156,1,1667292,102896,754224,362948,1672672,192,0,1154232,371768,187584,23204,5911432,7776,7776
18:17:17,"333,33333",0.0,3.0,3.0,208652,21888,208652,,156,1,1678732,102904,754224,362956,1676832,192,0,1155712,371684,187572,23460,5923708,7808,7776
18:17:18,"6,64452",0.0,2.0,2.0,208652,21888,208652,,156,1,1666672,102912,754228,362964,1676632,184,0,1157732,371600,187188,23288,5913412,7808,7776
18:17:20,"11,62791",0.0,41.66666666666666,2.333333333333333,208652,21888,208652,,156,1,1667776,102920,754228,362972,1692252,196,336,1183916,371768,187492,23324,5929036,7808,7776
18:17:21,"2,21729",0.0,9.0,1.5,208652,21888,208652,,156,1,1669204,102928,754228,362980,1696908,196,0,1175952,371636,187536,23416,5930024,7808,7808
18:17:22,"3,47625",0.0,31.0,2.6666666666666665,208652,21888,208652,,156,1,1661032,102936,754232,362984,1689000,196,0,1167780,371764,187440,23264,5927516,7776,7776
18:17:23,"400,00000",0.0,3.5,1.5,208652,21888,208652,,156,1,1675412,102944,754232,362992,1686612,196,0,1165816,371752,187292,23592,5937880,7840,7776
18:17:24,"30,30303",0.0,33.0,1.0,208652,21888,208652,,156,1,1678872,102952,754232,363008,1675604,192,0,1154764,371760,187592,23432,5916424,7808,7776
18:17:25,"7,12251",0.0,19.2,2.4,208652,21888,208652,,156,1,1688688,102960,754232,363012,1676388,192,0,1157008,371432,187544,23300,5909808,7776,7776
18:17:26,"6,00601",0.0,22.0,1.0,208652,21888,208652,,156,1,1673564,102968,754236,363020,1675976,196,0,1155680,371768,187524,23380,5925956,7776,7776
18:17:27,"333,33333",0.0,1.5,1.5,208652,21888,208652,,156,1,1674440,102976,754236,363060,1692064,196,0,1170512,371788,187632,23336,5931296,7776,7776
18:17:28,"4,30571",0.0,34.75,1.25,208652,21888,208652,,156,1,1652416,102984,754236,363036,1693660,196,0,1171620,371348,187408,23244,5920020,7776,7776
18:17:29,"166,66667",0.0,6.0,1.0,208652,21888,208652,,156,1,1673088,102992,754240,363044,1689160,192,0,1168200,371012,187472,23332,5927860,7776,7776
18:17:30,"5,54017",0.0,38.0,2.0,208652,21888,208652,,156,1,1670220,103000,754244,363052,1686024,200,0,1165296,371012,187544,23240,5927584,7776,7744
18:17:32,"15,07538",0.0,2.333333333333333,1.0,208652,21888,208652,,156,1,1666776,103008,754244,363060,1677448,44,0,1155728,370928,187468,23304,5919276,7808,7808
18:17:33,"2,06612",0.0,36.5,2.5,208652,21888,208652,,156,1,1677044,103016,754244,363068,1678152,52,0,1157848,371768,187364,23384,5917680,7776,7776
18:17:34,"3,46420",0.0,36.333333333333336,2.0,208652,21888,208652,,156,1,1678608,103024,754248,363076,1677980,52,0,1158504,371768,187424,23384,5969020,7808,7808
18:17:35,"37,03704",0.0,36.0,1.5,208652,21888,208652,,156,1,1661344,103032,754248,363084,1682640,52,0,1161392,371012,187332,23548,5919624,7808,7808
18:17:36,"1000,00000",0.0,1.0,1.0,208652,21888,208652,,156,1,1674948,103040,754248,363092,1680424,48,0,1161528,371768,187448,23296,5905784,7808,7808
18:17:37,"7,11238",0.0,23.8,1.2,208652,21888,208652,,156,1,1666268,103048,754252,363100,1677172,48,0,1158108,371768,187516,23456,5914580,7808,7776
18:17:38,"5,57103",0.0,31.0,2.5,208652,21888,208652,,156,1,1674760,103056,754252,363108,1678860,48,0,1157452,371768,187700,23460,5915116,7776,7776
18:17:39,"44,44444",0.0,20.5,1.0,208652,21888,208652,,156,1,1661956,103064,754252,363116,1693588,48,0,1172420,371096,187392,23240,5927972,7776,7776
18:17:40,"4,43951",0.0,9.5,2.0,208652,21888,208652,,156,1,1660268,103072,754252,363124,1694880,48,0,1174072,371180,187476,23332,5929404,7808,7808
18:17:41,"500,00000",0.0,2.0,2.0,208652,21888,208652,,156,1,1654276,103080,754256,363144,1695212,48,0,1175476,371736,187644,23416,5923708,7776,7776
18:17:42,"6,71141",0.0,9.0,2.0,208652,21888,208652,,156,1,1664244,103088,754256,363140,1687780,48,0,1166444,371180,187488,23420,5934792,7808,7808
18:17:43,"14,08451",0.0,17.0,1.0,208652,21888,208652,,156,1,1663736,103096,754260,363148,1677236,8,0,1158176,371768,187604,23392,5930772,7776,7776
18:17:45,"2,06825",0.0,32.5,1.5,208652,21888,208652,,156,1,1683176,103104,754264,363156,1676028,32,0,1154112,371768,187460,23396,5923400,7776,7776
18:17:46,"3,71747",0.0,13.666666666666666,1.3333333333333333,208652,21888,208652,,156,1,1676164,103112,754264,363164,1672244,32,0,1149920,370692,187764,23304,5931652,7808,7808
18:17:47,"29,85075",0.0,47.5,3.0,208652,21888,208652,,156,1,1684320,103120,754264,363172,1671828,24,0,1153268,371684,187636,23392,5922456,7776,7776
18:17:48,"500,00000",0.0,2.0,2.0,208652,21888,208652,,156,1,1680364,103128,754268,363180,1673724,36,0,1151960,371768,187692,23384,5928868,7808,7808
18:17:49,"7,04225",0.0,7.2,1.4,208652,21888,208652,,156,1,1675160,103136,754268,363188,1675928,36,0,1154968,371012,187556,23296,5928896,7776,7776
18:17:50,"6,43087",0.0,18.5,1.5,208652,21888,208652,,156,1,1675784,103144,754268,363196,1674416,36,0,1158276,370928,187656,23368,5928320,7776,7776
18:17:51,"33,89831",0.0,27.0,2.5,208652,21888,208652,,156,1,1669252,103152,754268,363204,1680464,36,0,1160232,371768,187836,23224,5928260,7776,7776
18:17:52,"4,23280",0.0,28.25,2.25,208652,21888,208652,,156,1,1679504,103160,754272,363212,1674200,36,0,1152528,371180,187492,23384,5919548,7808,7808
18:17:53,"55,55556",0.0,18.0,3.0,208652,21888,208652,,156,1,1679304,103168,754272,363220,1672704,36,0,1153448,371096,187420,23304,5912656,7776,7776
18:17:54,"6,26959",0.0,17.5,2.5,208652,21888,208652,,156,1,1676628,103176,754272,363228,1673528,36,0,1154616,371320,187480,23388,5912584,7808,7808
18:17:55,"11,62791",0.0,21.666666666666668,1.6666666666666667,208652,21888,208652,,156,1,1683376,103184,754276,363236,1677980,36,0,1155968,371752,187676,23460,5922332,7808,7808
18:17:56,"14,15094",0.0,9.666666666666666,1.6666666666666667,208652,21888,208652,,156,1,1680444,103192,754280,363244,1677684,40,0,1156948,371516,187420,23308,5913360,7776,7776
18:17:57,"2,13904",0.0,32.5,1.5,208652,21888,208652,,156,1,1671352,103200,754280,363252,1694536,32,0,1173612,370928,187764,23432,5938952,7808,7808
18:17:58,"3,63636",0.0,6.666666666666667,1.6666666666666667,208652,21888,208652,,156,1,1655172,103208,754280,363260,1697316,36,0,1175968,371684,187692,23272,5942268,7776,7776
18:18:00,"13,69863",0.0,73.0,2.0,208652,21888,208652,,156,1,1667240,103216,754284,363268,1699184,36,0,1177684,370928,187776,23452,5946808,7776,7776
18:18:01,"6,63130",0.0,22.4,1.6,208652,21888,208652,,156,1,1665888,103224,754284,363276,1686024,36,0,1169892,371768,187860,23528,5947312,7808,7808
18:18:02,"5,57103",0.0,31.0,2.0,208652,21888,208652,,156,1,1672184,103232,754284,363284,1678912,36,0,1158328,371852,187672,23512,5938164,7808,7808
18:18:03,"35,08772",0.0,30.0,3.0,208652,21888,208652,,156,1,1665500,103240,754288,363292,1681308,32,0,1160120,371012,187676,23336,5937408,7776,7776
18:18:04,"4,38596",0.0,7.75,1.75,208652,21888,208652,,156,1,1662660,103248,754288,363300,1685024,36,0,1166028,371852,187672,23344,5945636,7776,7776
18:18:05,"76,92308",0.0,13.0,1.0,208652,21888,208652,,156,1,1663564,103256,754288,363312,1684988,36,0,1166016,371764,187576,23268,5943952,7808,7808
18:18:06,"6,68896",0.0,19.0,1.0,208652,21888,208652,,156,1,1674884,103264,754288,363320,1683236,36,0,1166012,370940,187772,23504,5935872,7808,7776
18:18:07,"14,77833",0.0,35.333333333333336,1.0,208652,21888,208652,,156,1,1688268,103272,754292,363324,1664624,36,0,1149644,371096,187636,23256,5935716,7776,7776
18:18:08,"11,49425",0.0,35.0,2.333333333333333,208652,21888,208652,,156,1,1682408,103280,754292,363332,1671044,36,0,1152096,371768,187872,23340,5937408,7776,7776
18:18:09,"2,20751",0.0,7.5,1.0,208652,21888,208652,,156,1,1689732,103288,754284,363332,1671964,36,0,1153352,371852,187496,23340,5937344,7776,7776
18:18:10,"3,71747",0.0,7.333333333333333,1.3333333333333333,208652,21888,208652,,156,1,1687864,103296,754300,363348,1674592,40,0,1154152,371768,187812,23344,5939900,7808,7808
18:18:11,"333,33333",0.0,1.0,1.0,208652,21888,208652,,156,1,1670572,103304,754300,363356,1676928,40,0,1156556,371768,187652,23340,5936172,7808,7808
18:18:12,"500,00000",0.0,2.0,2.0,208652,21888,208652,,156,1,1670068,103312,754300,363364,1677880,40,0,1158600,371768,188056,23516,5948852,7776,7776
18:18:14,"5,49451",0.0,49.5,2.0,208652,21888,208652,,156,1,1677348,103320,754300,363372,1669528,40,0,1150076,371180,187624,23604,5938108,7808,7776
18:18:15,"74,07407",0.0,19.5,3.0,208652,21888,208652,,156,1,1677188,103328,754304,363380,1671688,4,0,1152064,371768,187500,23436,5938564,7776,7776
18:18:16,"4,20610",0.0,21.5,1.5,208652,21888,208652,,156,1,1671176,103336,754304,363388,1673640,36,0,1154776,371264,187544,23428,5937040,7776,7776
18:18:17,"166,66667",0.0,6.0,1.0,208652,21888,208652,,156,1,1678464,103344,754304,363396,1676308,36,0,1156852,371684,187556,23432,5938788,7808,7776
18:18:18,"6,53595",0.0,34.5,1.5,208652,21888,208652,,156,1,1667148,103352,754308,363404,1691960,36,0,1172320,373700,187600,23288,5950196,7776,7776
18:18:19,"15,07538",0.0,36.333333333333336,1.3333333333333333,208652,21888,208652,,156,1,1663868,103360,754308,363412,1694808,36,0,1176516,371768,187640,23376,5952328,7776,7776
18:18:20,"11,62791",0.0,32.0,3.333333333333333,208652,21888,208652,,156,1,1668948,103368,754308,363420,1687296,32,0,1167748,371776,187600,23356,5958636,7776,7776
18:18:21,"2,21484",0.0,5.0,1.0,208652,21888,208652,,156,1,1674012,103376,754308,363428,1689060,36,0,1169484,370928,187544,23632,5945360,7808,7808
18:18:22,"3,55872",0.0,36.0,1.6666666666666667,208652,21888,208652,,156,1,1672156,103384,754312,363436,1681092,36,0,1162556,371768,187460,23352,5938888,7808,7808
18:18:23,"400,00000",0.0,3.5,1.5,208652,21888,208652,,156,1,1676800,103392,754312,363444,1684564,36,0,1165868,371852,187516,23272,5941676,7808,7808
18:18:24,"76,92308",0.0,13.0,2.0,208652,21888,208652,,156,1,1672556,103400,754316,363476,1683512,40,0,1164856,370708,187704,23432,5944552,7776,7776
18:18:25,"6,66667",0.0,33.6,1.6,208652,21888,208652,,156,1,1682452,103408,754320,363460,1677964,36,0,1159316,370760,187520,23356,5952984,7776,7776
18:18:26,"6,64452",0.0,33.0,1.5,208652,21888,208652,,156,1,1681524,103416,754320,363468,1678692,40,0,1159796,370928,187436,23436,5940264,7776,7776
18:18:27,"27,02703",0.0,36.0,2.0,208652,21888,208652,,156,1,1666664,103424,754320,363476,1695816,40,0,1176520,370844,187520,23304,5955412,7776,7776
18:18:29,"58,82353",0.0,17.0,2.0,208652,21888,208652,,156,1,1659916,103432,754320,363484,1687852,40,0,1168980,371348,187544,23212,5955012,7808,7808
18:18:30,"6,68896",0.0,1.5,1.5,208652,21888,208652,,156,1,1669716,103440,754324,363492,1690784,40,0,1171804,371852,187472,23548,5965184,7776,7776
18:18:31,"15,00000",0.0,4.0,1.6666666666666667,208652,21888,208652,,156,1,1671292,103448,754324,363500,1682812,40,0,1164512,371768,187384,23384,5961580,7776,7776
18:18:32,"11,85771",0.0,57.66666666666666,1.3333333333333333,208652,21888,208652,,156,1,1687624,103456,754324,363508,1674824,40,0,1155684,371768,187636,23224,5937364,7776,7776
18:18:33,"2,07684",0.0,38.5,2.5,208652,21888,208652,,156,1,1674148,103464,754328,363516,1676744,40,0,1158288,371768,187440,23360,5952220,7808,7840
18:18:34,"3,70828",0.0,7.666666666666667,2.333333333333333,208652,21888,208652,,156,1,1683176,103472,754328,363524,1680892,40,0,1161104,371852,187596,23444,5944268,7776,7776
18:18:35,"64,51613",0.0,16.5,1.5,208652,21888,208652,,156,1,1665656,103480,754328,363532,1682680,40,0,1163372,371768,187468,23356,5943080,7776,7776
18:18:36,"32,25806",0.0,31.0,1.0,208652,21888,208652,,156,1,1691428,103488,754328,363540,1673824,40,0,1154764,371852,187536,23448,5943164,7808,7808
18:18:37,"6,88705",0.0,37.0,2.2,208652,21888,208652,,156,1,1671360,103496,754336,363548,1688652,44,0,1169716,371768,187636,23304,5963072,7776,7776
18:18:38,"6,55738",0.0,3.5,1.5,208652,21888,208652,,156,1,1663276,103504,754336,363556,1691544,44,0,1172544,371852,187424,23388,5964488,7776,7776
18:18:39,"25,97403",0.0,69.5,2.5,208652,21888,208652,,156,1,1663668,103512,754356,363556,1691508,72,0,1173724,371868,187680,23388,5954468,7776,7776
18:18:40,"4,43459",0.0,34.5,1.5,208652,21888,208652,,156,1,1673244,103520,754340,363572,1686116,44,0,1166216,371768,187836,23452,5948316,7776,7776
18:18:41,"500,00000",0.0,2.0,2.0,208652,21888,208652,,156,1,1678900,103528,754340,363580,1677124,40,0,1158520,371768,187648,23276,5946084,7776,7776
18:18:42,"5,81395",0.0,28.0,1.5,208652,21888,208652,,156,1,1668608,103536,754340,363588,1681216,40,0,1161496,371096,187512,23288,5949592,7808,7808
18:18:44,"14,15094",0.0,6.666666666666667,1.3333333333333333,208652,21888,208652,,156,1,1677796,103544,754340,363596,1683228,40,0,1163164,370928,187376,23372,5949468,7776,7776
18:18:45,"2,21976",0.0,35.5,2.0,208652,21888,208652,,156,1,1662848,103552,754344,363604,1682872,40,0,1165372,371108,187396,23456,5948312,7808,7808
18:18:46,"3,70828",0.0,6.333333333333333,2.333333333333333,208652,21888,208652,,156,1,1664472,103560,754344,363612,1682284,40,0,1168616,370928,187608,23360,5945692,7776,7776
18:18:47,"32,78689",0.0,43.0,3.0,208652,21888,208652,,156,1,1677896,103568,754344,363620,1688400,28,0,1171236,371852,187516,23536,5949748,7776,7776
18:18:48,"1000,00000",0.0,1.0,1.0,208652,21888,208652,,156,1,1684084,103576,754348,363628,1681072,28,0,1163408,370736,187524,23452,5947736,7808,7808
18:18:49,"7,10227",0.0,26.8,1.2,208652,21888,208652,,156,1,1683392,103584,754348,363636,1676788,28,0,1158588,370844,187676,23408,5938852,7776,7776
18:18:50,"6,06061",0.0,46.5,1.5,208652,21888,208652,,156,1,1683752,103592,754348,363644,1674612,28,0,1162700,371796,187552,23608,5957904,7776,7776
18:18:51,"60,60606",0.0,17.0,1.0,208652,21888,208652,,156,1,1675308,103600,754352,363652,1681540,24,0,1163868,371860,187540,23352,5955552,7808,7808
18:18:52,"4,30571",0.0,21.25,1.25,208652,21888,208652,,156,1,1676256,103608,754356,363660,1673940,36,0,1155664,370928,187420,23612,5947912,7808,7808
18:18:53,"16,39344",0.0,61.0,1.0,208652,21888,208652,,156,1,1672504,103616,754356,363668,1678340,36,0,1160792,371116,187376,23260,5949712,7808,7808
18:18:54,"6,28931",0.0,49.0,3.0,208652,21888,208652,,156,1,1674820,103624,754356,363676,1680656,36,0,1162464,371852,187528,23368,5946604,7776,7776
18:18:55,"12,76596",0.0,41.333333333333336,2.0,208652,21888,208652,,156,1,1674060,103632,754360,363684,1683256,36,0,1166680,371768,187612,23544,5943380,7808,7776
18:18:56,"14,15094",0.0,6.666666666666667,1.3333333333333333,208652,21888,208652,,156,1,1675504,103640,754360,363692,1685444,32,0,1167684,371852,187488,23540,5949628,7808,7808
18:18:58,"3,72671",0.0,16.666666666666668,2.0,208652,21888,208652,,156,1,1669268,103648,754360,363700,1690712,36,0,1175292,371768,187536,23656,5964688,7776,7776
18:18:59,"25,00000",0.0,39.5,2.0,208652,21888,208652,,156,1,1657836,103656,754364,363708,1694444,36,0,1178192,371768,187880,23568,5963468,7776,7776
18:19:00,"500,00000",0.0,2.0,2.0,208652,21888,208652,,156,1,1667240,103664,754364,363716,1697968,36,0,1180444,371768,187648,23492,5965172,7776,7776
18:19:01,"7,10227",0.0,9.4,1.2,208652,21888,208652,,156,1,1654964,103672,754364,363724,1699260,36,0,1181916,371768,187492,23320,5962184,7776,7776
18:19:02,"6,68896",0.0,15.0,1.0,208652,21888,208652,,156,1,1662964,103680,754364,363732,1688468,32,0,1169976,371012,187492,23380,5952644,7808,7808
18:19:03,"30,76923",0.0,34.5,1.5,208652,21888,208652,,156,1,1664296,103688,754368,363740,1680248,36,0,1162684,371684,187748,23444,5951508,7808,7776
18:19:04,"4,48430",0.0,6.5,2.25,208652,21888,208652,,156,1,1664720,103696,754368,363748,1684568,36,0,1166040,371792,187584,23364,5960588,7776,7776
18:19:05,"62,50000",0.0,16.0,2.0,208652,21888,208652,,156,1,1662356,103704,754372,363756,1682744,40,0,1168068,371768,187544,23380,5958156,7808,7808
18:19:06,"6,41026",0.0,11.5,1.5,208652,21888,208652,,156,1,1675056,103712,754328,363716,1683744,40,0,1167056,371752,187544,23308,5951656,7808,7776
18:19:07,"12,82051",0.0,36.0,1.3333333333333333,208652,21888,208652,,156,1,1665216,103720,754376,363784,1686196,32,0,1169304,371788,187512,23308,5958388,7808,7776
18:19:08,"14,35407",0.0,13.333333333333334,1.3333333333333333,208652,21888,208652,,156,1,1673480,103728,754376,363780,1680680,36,0,1163668,370928,187628,23548,5951268,7808,7776
18:19:09,"2,21484",0.0,3.5,1.0,208652,21888,208652,,156,1,1675724,103736,754376,363788,1671084,36,0,1152800,371096,187864,23372,5957348,7776,7776
18:19:10,"3,73134",0.0,16.0,1.0,208652,21888,208652,,156,1,1685412,103744,754380,363796,1675252,36,0,1158056,371684,187640,23384,5946540,7776,7776
18:19:12,"52,63158",0.0,19.0,2.0,208652,21888,208652,,156,1,1676872,103752,754380,363804,1676672,36,0,1159396,371852,187600,23384,5947704,7808,7808
18:19:13,"7,11238",0.0,20.6,2.0,208652,21888,208652,,156,1,1669300,103760,754380,363812,1681500,36,0,1163888,371768,187804,23476,5951424,7808,7808
18:19:14,"5,36193",0.0,37.0,2.0,208652,21888,208652,,156,1,1680080,103768,754384,363820,1672648,36,0,1155580,371684,187700,23476,5950400,7840,7840
18:19:15,"500,00000",0.0,0.5,0.5,208652,21888,208652,,156,1,1680300,103776,754384,363828,1677856,36,0,1160676,371768,187728,23476,5961448,7776,7776
18:19:16,"4,44939",0.0,32.0,1.75,208652,21888,208652,,156,1,1674112,103784,754384,363836,1679816,36,0,1162380,371808,187800,23384,5960344,7776,7808
18:19:17,"14,49275",0.0,69.0,2.0,208652,21888,208652,,156,1,1663344,103792,754384,363840,1685432,4,0,1177208,371748,187624,23516,5974940,7776,7776
18:19:18,"6,11621",0.0,18.5,2.0,208652,21888,208652,,156,1,1661448,103800,754392,363852,1690396,32,0,1172764,371768,187568,23456,5974588,7808,7808
18:19:19,"13,15789",0.0,35.666666666666664,2.0,208652,21888,208652,,156,1,1664352,103808,754392,363860,1696336,28,0,1179796,371012,187736,23432,5976644,7776,7776
18:19:20,"13,51351",0.0,20.666666666666668,2.333333333333333,208652,21888,208652,,156,1,1677236,103816,754392,363872,1686336,36,0,1169112,371804,187652,23576,5979296,7808,7776
18:19:21,"2,19539",0.0,8.5,1.5,208652,21888,208652,,156,1,1665668,103824,754396,363876,1691424,36,0,1172600,370676,187652,23404,5966620,7808,7808
18:19:22,"3,69004",0.0,30.0,1.3333333333333333,208652,21888,208652,,156,1,1674272,103832,754396,363884,1679072,36,0,1161944,371600,187656,23232,5957724,7776,7776
18:19:23,"27,02703",0.0,54.0,3.0,208652,21888,208652,,156,1,1660464,103840,754396,363892,1695324,36,0,1178364,371768,187720,23404,5966612,7808,7776
18:19:25,"6,67557",0.0,44.2,2.2,208652,21888,208652,,156,1,1684944,103848,754396,363900,1674876,36,0,1157988,371760,187868,23568,5965024,7808,7808
18:19:26,"5,36193",0.0,37.5,2.0,208652,21888,208652,,156,1,1661240,103856,754400,363908,1688648,40,0,1170088,371852,187488,23480,5972212,7776,7776
18:19:27,"26,31579",0.0,38.5,2.5,208652,21888,208652,,156,1,1672988,103864,754400,363916,1693856,40,0,1176552,371768,187872,23404,5975812,7808,7808
18:19:28,"4,46429",0.0,51.5,2.25,208652,21888,208652,,156,1,1657080,103872,754400,363924,1708892,40,0,1191084,371012,187776,23516,5976908,7776,7776
18:19:29,"1000,00000",0.0,1.0,1.0,208652,21888,208652,,156,1,1658808,103880,754404,363932,1700700,40,0,1182724,370928,187944,23424,5968568,7808,7776
18:19:30,"5,88235",0.0,57.5,1.5,208652,21888,208652,,156,1,1655936,103888,754404,363940,1705492,36,0,1188408,371776,187748,23436,5970840,7776,7776
18:19:31,"14,92537",0.0,10.333333333333334,2.0,208652,21888,208652,,156,1,1668824,103896,754404,363948,1697116,40,0,1179312,371768,187828,23428,5978340,7808,7808
18:19:32,"11,07011",0.0,23.666666666666668,2.0,208652,21888,208652,,156,1,1655040,103904,754408,363960,1701540,44,0,1183376,371864,187640,23340,5967504,7808,7808
18:19:33,"2,09644",0.0,27.0,1.0,208652,21888,208652,,156,1,1658608,103912,754412,363964,1690924,44,0,1172680,370928,187716,23408,5966064,7776,7776
18:19:34,"3,71747",0.0,14.333333333333334,1.3333333333333333,208652,21888,208652,,156,1,1670216,103920,754412,363972,1689712,44,0,1176944,371852,187612,23416,5978548,7808,7808
18:19:35,"76,92308",0.0,11.5,2.0,208652,21888,208652,,156,1,1697252,103928,754412,363992,1670352,40,0,1152104,371656,187512,23448,5966292,7776,7776
18:19:36,"45,45455",0.0,22.0,2.0,208652,21888,208652,,156,1,1679596,103936,754416,363988,1686072,40,0,1167840,371768,187388,23568,5965912,7776,7776
18:19:37,"6,68449",0.0,34.6,2.6,208652,21888,208652,,156,1,1669220,103944,754416,363996,1688896,40,0,1171244,370676,187412,23344,5979356,7776,7776
18:19:38,"5,54017",0.0,57.5,2.0,208652,21888,208652,,156,1,1653272,103952,754416,364004,1704832,40,0,1187012,371684,187556,23348,5989444,7776,7776
18:19:40,"4,46927",0.0,26.25,2.5,208652,21888,208652,,156,1,1677980,103960,754416,364012,1683712,40,0,1166664,370676,187572,23324,5968972,7776,7776
18:19:41,"28,57143",0.0,35.0,2.0,208652,21888,208652,,156,1,1662244,103968,754420,364020,1689192,40,0,1171956,371600,187520,23424,5974596,7808,7808
18:19:42,"6,49351",0.0,21.0,1.5,208652,21888,208652,,156,1,1685948,103976,754420,364028,1678012,40,0,1162364,371684,187600,23516,5979492,7808,7808
18:19:43,"12,87554",0.0,33.333333333333336,1.6666666666666667,208652,21888,208652,,156,1,1663392,103984,754420,364036,1694420,40,0,1177096,371768,187440,23520,5980392,7776,7776
18:19:44,"10,75269",0.0,62.0,1.0,208652,21888,208652,,156,1,1678240,103992,754424,364044,1675424,40,0,1159760,371768,187696,23600,5970240,7776,7776
18:19:45,"2,21239",0.0,36.5,2.0,208652,21888,208652,,156,1,1669656,104000,754428,364052,1691648,44,0,1176496,370676,187544,23520,5974112,7776,7776
18:19:46,"3,69914",0.0,13.333333333333334,1.6666666666666667,208652,21888,208652,,156,1,1691524,104008,754428,364060,1674520,40,0,1156256,371684,187576,23264,5980604,7776,7776
18:19:47,"57,14286",0.0,24.0,1.5,208652,21888,208652,,156,1,1672720,104016,754428,364068,1690572,40,0,1173024,371476,187588,23368,5983308,7776,7776
18:19:48,"1000,00000",0.0,1.0,1.0,208652,21888,208652,,156,1,1668884,104024,754432,364076,1679492,4,0,1161824,371516,187496,23512,5981624,7776,7776
18:19:49,"6,58762",0.0,38.4,2.2,208652,21888,208652,,156,1,1667720,104032,754432,364096,1695404,28,0,1177460,371796,187372,23384,5983920,7776,7776
18:19:50,"6,71141",0.0,1.5,1.5,208652,21888,208652,,156,1,1662436,104040,754432,364092,1686784,28,0,1169216,371768,187508,23688,5982412,7840,7840
18:19:51,"29,41176",0.0,33.5,3.0,208652,21888,208652,,156,1,1657984,104048,754436,364100,1693876,28,0,1175376,371768,187604,23524,5985496,7776,7776
18:19:53,"1000,00000",0.0,1.0,1.0,208652,21888,208652,,156,1,1664420,104056,754436,364108,1676816,28,0,1161648,371432,187452,23272,5977212,7776,7776
18:19:54,"6,64452",0.0,2.0,2.0,208652,21888,208652,,156,1,1653072,104064,754436,364116,1696796,28,0,1181536,371768,187564,23648,6011884,7808,7808
18:19:55,"13,39286",0.0,12.0,1.0,208652,21888,208652,,156,1,1646520,104072,754436,364124,1700604,28,0,1184024,370928,187612,23568,6003080,7776,7776
18:19:56,"13,33333",0.0,14.0,1.6666666666666667,208652,21888,208652,,156,1,1651584,104080,754440,364132,1708352,32,0,1191100,371852,187604,23484,6002768,7776,7776
18:19:57,"2,17155",0.0,38.5,2.0,208652,21888,208652,,156,1,1656832,104088,754440,364140,1698760,32,0,1183252,371348,187472,23484,6003004,7776,7776
18:19:58,"3,69914",0.0,12.666666666666666,2.0,208652,21888,208652,,156,1,1662452,104096,754444,364148,1690312,40,0,1173516,371768,187716,23652,6013924,7808,7808
18:19:59,"40,81633",0.0,27.5,2.0,208652,21888,208652,,156,1,1676484,104104,754448,364156,1683484,40,0,1165380,371768,188032,23400,6003360,7776,7776
18:20:00,"33,33333",0.0,30.0,1.0,208652,21888,208652,,156,1,1654152,104112,754448,364164,1699340,40,0,1181712,371012,187616,23572,5997520,7808,7808
18:20:01,"7,16332",0.0,50.2,2.8,208652,21888,208652,,156,1,1646256,104120,754448,364172,1692588,36,0,1175076,371804,187644,23500,6004232,7776,7776
18:20:02,"6,00601",0.0,19.0,1.5,208652,21888,208652,,156,1,1669152,104128,754524,364172,1676972,36,0,1159372,371684,187396,23400,6011552,7776,7776
18:20:03,"28,16901",0.0,37.5,3.0,208652,21888,208652,,156,1,1664460,104136,754452,364188,1683116,40,0,1165760,371768,187516,23376,5992492,7776,7776
18:20:04,"4,41989",0.0,10.0,1.5,208652,21888,208652,,156,1,1670076,104144,754452,364196,1676992,40,0,1160636,371684,187592,23540,5984372,7808,7808
18:20:05,"47,61905",0.0,21.0,2.0,208652,21888,208652,,156,1,1660320,104152,754452,364204,1693408,40,0,1175812,370676,187612,23544,5993916,7808,7808
18:20:06,"6,26959",0.0,18.0,2.5,208652,21888,208652,,156,1,1654752,104160,754456,364212,1684064,40,0,1166544,371768,187496,23456,5992844,7808,7776
18:20:08,"15,22843",0.0,11.666666666666666,1.3333333333333333,208652,21888,208652,,156,1,1660292,104168,754456,364220,1688620,36,0,1170932,370928,187676,23536,5999384,7808,7808
18:20:09,"2,08986",0.0,29.0,2.0,208652,21888,208652,,156,1,1673232,104176,754456,364228,1680792,40,0,1162668,371768,187460,23452,5989380,7808,7776
18:20:10,"3,45224",0.0,37.333333333333336,1.6666666666666667,208652,21888,208652,,156,1,1650988,104184,754460,364236,1693900,40,0,1178412,370676,187700,23460,5991116,7808,7808
18:20:11,"25,31646",0.0,57.5,3.0,208652,21888,208652,,156,1,1667556,104192,754460,364244,1680688,40,0,1164812,371768,187848,23616,5990812,7808,7808
18:20:12,"200,00000",0.0,5.0,1.0,208652,21888,208652,,156,1,1645196,104200,754464,364252,1699556,44,0,1181788,370592,187516,23624,6001260,7840,7776
18:20:13,"7,09220",0.0,18.8,1.8,208652,21888,208652,,156,1,1670400,104208,754464,364260,1675264,44,0,1159996,371180,187496,23532,5983136,7776,7776
18:20:14,"5,86510",0.0,32.5,1.5,208652,21888,208652,,156,1,1655292,104216,754468,364268,1692880,40,0,1175552,371096,187508,23452,5993904,7776,7776
18:20:15,"46,51163",0.0,19.5,1.0,208652,21888,208652,,156,1,1661996,104224,754468,364276,1684048,40,0,1167040,371768,187620,23364,5990224,7776,7776
18:20:16,"4,43459",0.0,10.0,1.5,208652,21888,208652,,156,1,1647612,104232,754468,364284,1699924,40,0,1187252,371684,187640,23484,6002964,7808,7808
18:20:17,"1000,00000",0.0,1.0,1.0,208652,21888,208652,,156,1,1650188,104240,754472,364292,1702592,40,0,1185732,371600,187588,23492,6006888,7776,7776
18:20:18,"6,41026",0.0,13.0,2.0,208652,21888,208652,,156,1,1663852,104248,754472,364312,1691060,36,0,1174052,370968,187560,23596,6006392,7776,7776
18:20:19,"13,39286",0.0,13.0,1.6666666666666667,208652,21888,208652,,156,1,1643772,104256,754472,364308,1710032,4,0,1192308,371852,187844,23744,6007700,7776,7776
18:20:20,"12,14575",0.0,31.0,1.6666666666666667,208652,21888,208652,,156,1,1661648,104264,754472,364316,1690664,28,0,1172852,371012,187864,23464,5994096,7776,7776
18:20:22,"3,65854",0.0,9.0,1.6666666666666667,208652,21888,208652,,156,1,1662920,104272,754476,364324,1693168,28,0,1177536,371768,187636,23552,5996744,7776,7776
18:20:23,"250,00000",0.0,7.5,1.5,208652,21888,208652,,156,1,1693836,104280,754476,364332,1676316,28,0,1159652,371516,187684,23632,5997700,7776,7776
18:20:24,"500,00000",0.0,2.0,2.0,208652,21888,208652,,156,1,1684392,104288,754476,364340,1678352,60,0,1161240,371768,187632,23560,6000392,7776,7776
18:20:25,"6,72948",0.0,30.0,1.4,208652,21888,208652,,156,1,1678848,104296,754480,364348,1678616,60,0,1161144,371684,187708,23472,5997264,7808,7808
18:20:26,"6,66667",0.0,1.5,1.5,208652,21888,208652,,156,1,1684584,104304,754484,364356,1672424,68,0,1156536,371768,187492,23560,5991768,7808,7776
18:20:27,"142,85714",0.0,3.5,1.0,208652,21888,208652,,156,1,1662436,104312,754484,364364,1693612,68,0,1176964,371768,187804,23488,6026556,7776,7776
18:20:28,"4,38596",0.0,24.0,1.0,208652,21888,208652,,156,1,1654912,104320,754484,364372,1692088,68,0,1176364,370676,187752,23616,6020744,7776,7776
18:20:29,"500,00000",0.0,2.0,2.0,208652,21888,208652,,156,1,1661972,104328,754488,364380,1691116,68,0,1175408,371768,187952,23612,6028052,7808,7776
18:20:30,"6,41026",0.0,9.5,2.0,208652,21888,208652,,156,1,1654368,104336,754488,364388,1705916,72,0,1187768,370676,188020,23620,6029648,7776,7776
18:20:31,"11,32075",0.0,29.33333333333333,2.0,208652,21888,208652,,156,1,1662760,104344,754488,364396,1696588,72,0,1179792,371768,187824,23696,6027356,7808,7808
18:20:32,"10,41667",0.0,52.333333333333336,2.0,208652,21888,208652,,156,1,1652544,104352,754492,364404,1702924,72,0,1186160,371852,187768,23524,6009544,7808,7808
18:20:33,"2,20507",0.0,16.5,1.5,208652,21888,208652,,156,1,1664140,104360,754492,364412,1686388,72,0,1170328,371768,187832,23584,6004344,7776,7776
18:20:34,"3,61011",0.0,13.333333333333334,1.0,208652,21888,208652,,156,1,1678472,104368,754492,364420,1676588,72,0,1159528,371684,187944,23584,6010192,7808,7776
18:20:36,"12,98701",0.0,77.0,3.0,208652,21888,208652,,156,1,1665352,104376,754492,364428,1694812,72,0,1177308,371684,187776,23688,6020092,7808,7776
18:20:37,"6,47668",0.0,23.2,2.2,208652,21888,208652,,156,1,1652648,104384,754496,364436,1704080,72,0,1185756,370676,187744,23528,6022344,7808,7776
18:20:38,"5,55556",0.0,35.0,1.5,208652,21888,208652,,156,1,1635540,104392,754496,364444,1709056,72,0,1191332,371600,187764,23444,6020340,7808,7808
18:20:39,"250,00000",0.0,4.5,1.0,208652,21888,208652,,156,1,1655236,104400,754500,364452,1684556,76,0,1166728,370928,187888,23608,6008892,7808,7808
18:20:40,"4,38596",0.0,51.75,2.0,208652,21888,208652,,156,1,1660904,104408,754504,364460,1685124,76,0,1168388,370928,187880,23504,6011028,7776,7776
18:20:41,"28,57143",0.0,35.0,3.0,208652,21888,208652,,156,1,1658956,104416,754504,364468,1689168,72,0,1173512,370844,188120,23500,6001136,7776,7776
18:20:42,"6,07903",0.0,26.5,2.0,208652,21888,208652,,156,1,1665384,104424,754504,364476,1687648,72,0,1170480,371768,187880,23584,6007640,7776,7776
18:20:43,"12,39669",0.0,38.0,1.3333333333333333,208652,21888,208652,,156,1,1643528,104432,754504,364484,1704096,72,0,1187284,371852,187808,23584,6007548,7776,7776
18:20:44,"13,51351",0.0,14.333333333333334,2.333333333333333,208652,21888,208652,,156,1,1663216,104440,754508,364492,1689632,72,0,1172660,371348,188020,23492,6015300,7776,7776
18:20:45,"2,21484",0.0,18.5,1.0,208652,21888,208652,,156,1,1672668,104448,754456,364496,1676404,72,0,1159652,371760,187740,23500,6007488,7808,7776
18:20:46,"3,69458",0.0,6.0,1.3333333333333333,208652,21888,208652,,156,1,1667904,104456,754508,364548,1680172,72,0,1162344,371792,187796,23512,6008708,7808,7808
18:20:47,"666,66667",0.0,2.0,2.0,208652,21888,208652,,156,1,1669668,104464,754512,364516,1674092,72,0,1156008,370928,187764,23496,6007916,7808,7808
18:20:48,"66,66667",0.0,15.0,2.0,208652,21888,208652,,156,1,1668872,104472,754512,364524,1680708,72,0,1163632,371768,187908,23500,6007232,7776,7776
18:20:50,"5,42005",0.0,49.5,2.0,208652,21888,208652,,156,1,1672284,104480,754512,364532,1682008,72,0,1164424,371684,187584,23424,6010236,7776,7776
18:20:51,"37,73585",0.0,33.0,2.0,208652,21888,208652,,156,1,1682380,104488,754516,364540,1671988,4,0,1154920,371768,187836,23496,6009380,7808,7776
18:20:52,"4,13223",0.0,34.0,1.25,208652,21888,208652,,156,1,1675636,104496,754516,364548,1677476,28,0,1159556,371768,187872,23496,6007992,7776,7776
18:20:53,"26,31579",0.0,38.0,1.0,208652,21888,208652,,156,1,1656104,104504,754520,364556,1688032,32,0,1170568,370928,187588,23416,6009488,7776,7776
18:20:54,"6,60066",0.0,31.0,1.5,208652,21888,208652,,156,1,1672984,104512,754520,364564,1678792,32,0,1162464,371684,187944,23584,6008740,7808,7776
18:20:55,"12,50000",0.0,27.33333333333333,1.3333333333333333,208652,21888,208652,,156,1,1656816,104520,754524,364572,1700388,32,0,1184056,371348,187800,23532,6021224,7776,7776
18:20:56,"14,15094",0.0,7.0,2.333333333333333,208652,21888,208652,,156,1,1640468,104528,754524,364580,1702808,32,0,1185132,370928,187748,23544,6025228,7776,7776
18:20:57,"2,22469",0.0,4.0,1.0,208652,21888,208652,,156,1,1661000,104536,754524,364588,1688976,28,0,1171900,371096,187820,23540,6032800,7776,7776
18:20:58,"3,52526",0.0,51.0,1.3333333333333333,208652,21888,208652,,156,1,1648388,104556,754576,364608,1694804,36,0,1179408,371116,187716,23712,6033720,7776,7776
18:20:59,"27,77778",0.0,37.0,2.0,208652,21888,208652,,156,1,1654152,104564,754576,364616,1704704,72,0,1189216,371792,187912,23792,6029056,7808,7808
18:21:00,"17,24138",0.0,58.0,1.0,208652,21888,208652,,156,1,1648724,104572,754576,364624,1711000,72,0,1195772,371200,187676,23452,6022852,7776,7776
18:21:01,"6,92521",0.0,9.8,2.4,208652,21888,208652,,156,1,1654964,104580,754576,364632,1697024,72,0,1181292,371788,187640,23540,6025276,7776,7776
18:21:03,"400,00000",0.0,1.5,1.5,208652,21888,208652,,156,1,1648460,104588,754580,364640,1695460,72,0,1181576,371032,187676,23464,6026100,7808,7776
18:21:04,"4,46429",0.0,14.0,1.75,208652,21888,208652,,156,1,1661956,104596,754580,364648,1690256,72,0,1176688,371768,187772,23512,6004516,7776,7776
18:21:05,"83,33333",0.0,12.0,2.0,208652,21888,208652,,156,1,1663388,104604,754584,364656,1689292,76,0,1174212,371788,187468,23596,6013000,7808,7808
18:21:06,"5,91716",0.0,21.0,0.5,208652,21888,208652,,156,1,1645364,104612,754588,364664,1705968,76,0,1192056,371788,187588,23604,6005596,7808,7808
18:21:07,"14,92537",0.0,36.333333333333336,1.6666666666666667,208652,21888,208652,,156,1,1649056,104620,754588,364672,1693492,76,0,1177988,371636,187576,23504,6018228,7808,7776
18:21:08,"10,23891",0.0,69.33333333333333,3.0,208652,21888,208652,,156,1,1674860,104628,754588,364680,1678800,68,0,1163480,371800,187844,23592,6001164,7808,7808
18:21:09,"2,12089",0.0,55.0,1.5,208652,21888,208652,,156,1,1659676,104636,754588,364688,1685036,72,0,1169388,371856,187748,23428,6012072,7776,7776
18:21:10,"3,71287",0.0,27.0,1.3333333333333333,208652,21888,208652,,156,1,1670680,104644,754592,364696,1679476,72,0,1163648,371788,187500,23588,6066068,7776,7776
18:21:11,"30,30303",0.0,56.5,1.5,208652,21888,208652,,156,1,1681880,104652,754592,364704,1671680,72,0,1157856,371788,187708,23504,6003856,7808,7808
18:21:12,"55,55556",0.0,18.0,3.0,208652,21888,208652,,156,1,1661572,104660,754592,364712,1687468,72,0,1172300,371704,187652,23424,6011324,7776,7776
18:21:13,"7,15308",0.0,23.8,2.4,208652,21888,208652,,156,1,1668444,104668,754596,364732,1677260,72,0,1162360,371196,187664,23588,6010260,7808,7808
18:21:14,"6,38978",0.0,6.0,2.0,208652,21888,208652,,156,1,1651060,104676,754596,364728,1696976,72,0,1181308,371872,187620,23540,6033264,7776,7776
18:21:15,"30,76923",0.0,34.5,3.0,208652,21888,208652,,156,1,1646168,104684,754596,364736,1701944,72,0,1187036,371200,187692,23548,6026268,7808,7808
18:21:17,"500,00000",0.0,2.0,2.0,208652,21888,208652,,156,1,1657636,104692,754600,364744,1695400,72,0,1179644,370948,187640,23544,6023396,7808,7808
18:21:18,"6,43087",0.0,8.0,1.5,208652,21888,208652,,156,1,1663544,104700,754600,364752,1693108,72,0,1179688,371116,187496,23624,6017704,7776,7776
18:21:19,"15,00000",0.0,3.0,1.0,208652,21888,208652,,156,1,1669032,104708,754600,364760,1689904,72,0,1176484,371704,187716,23768,6015104,7776,7776
18:21:20,"11,90476",0.0,42.0,2.0,208652,21888,208652,,156,1,1656364,104716,754604,364768,1694212,76,0,1180036,371704,187696,23604,6004672,7808,7808
18:21:21,"2,20507",0.0,40.0,2.0,208652,21888,208652,,156,1,1663124,104724,754608,364776,1687424,76,0,1174492,371828,187636,23428,6014276,7776,7776
18:21:22,"3,48432",0.0,36.0,2.0,208652,21888,208652,,156,1,1665820,104732,754608,364784,1688592,12,0,1176848,371860,187772,23524,6014356,7776,7776
18:21:23,"60,60606",0.0,21.5,1.5,208652,21888,208652,,156,1,1652840,104740,754608,364792,1692944,36,0,1181804,371788,187644,23428,6011164,7808,7776
18:21:24,"1000,00000",0.0,1.0,1.0,208652,21888,208652,,156,1,1674076,104748,754612,364800,1687992,32,0,1176320,371620,187588,23676,6012860,7776,7776
18:21:25,"6,74764",0.0,32.0,2.0,208652,21888,208652,,156,1,1668600,104756,754612,364808,1682260,40,0,1170480,371788,187548,23432,6002800,7776,7776
18:21:26,"6,47249",0.0,35.0,2.0,208652,21888,208652,,156,1,1661812,104764,754612,364816,1687256,44,0,1175984,371788,187544,23512,6010692,7776,7776
18:21:27,"24,09639",0.0,52.5,4.0,208652,21888,208652,,156,1,1652364,104772,754612,364816,1698280,44,0,1184376,371844,187528,23672,6024124,7776,7776
18:21:28,"4,06504",0.0,41.5,1.5,208652,21888,208652,,156,1,1636312,104780,754616,364848,1718680,44,0,1204984,371820,187660,23608,6035816,7776,7776
18:21:29,"13,33333",0.0,75.0,2.0,208652,21888,208652,,156,1,1649376,104788,754616,364840,1703184,44,0,1189828,371788,187532,23452,6026968,7776,7776
18:21:30,"6,68896",0.0,32.5,2.0,208652,21888,208652,,156,1,1645928,104796,754616,364848,1702976,44,0,1190024,371788,187564,23524,6028812,7808,7808
18:21:32,"14,28571",0.0,14.666666666666666,1.0,208652,21888,208652,,156,1,1651836,104804,754620,364856,1697316,44,0,1182956,370948,187712,23592,6017048,7808,7808
18:21:33,"2,20022",0.0,2.0,2.0,208652,21888,208652,,156,1,1653908,104812,754624,364864,1689192,44,0,1176924,371788,187860,23500,6021312,7808,7808
18:21:34,"3,64078",0.0,20.33333333333333,2.0,208652,21888,208652,,156,1,1662552,104820,754624,364872,1692696,44,0,1178900,371872,187852,23664,6025056,7808,7776
18:21:35,"166,66667",0.0,5.5,1.5,208652,21888,208652,,156,1,1643576,104828,754628,364880,1697236,40,0,1183620,370948,187816,23528,6028384,7776,7776
18:21:36,"37,03704",0.0,27.0,1.0,208652,21888,208652,,156,1,1644444,104836,754628,364888,1703944,40,0,1189652,370696,187628,23524,6019008,7776,7776
18:21:37,"6,83060",0.0,18.4,2.0,208652,21888,208652,,156,1,1675688,104844,754628,364896,1678644,40,0,1164520,371116,187608,23596,6021796,7808,7776
18:21:38,"6,11621",0.0,22.5,1.5,208652,21888,208652,,156,1,1653980,104852,754628,364904,1684688,40,0,1171332,371788,187980,23440,6027256,7808,7808
18:21:39,"58,82353",0.0,22.0,2.0,208652,21888,208652,,156,1,1663532,104860,754632,364912,1690276,36,0,1176172,371788,187640,23692,6029900,7808,7808
18:21:40,"4,42968",0.0,5.5,1.0,208652,21888,208652,,156,1,1677076,104868,754632,364920,1678752,40,0,1165296,370696,187632,23712,6038976,7776,7776
18:21:41,"47,61905",0.0,21.0,2.0,208652,21888,208652,,156,1,1671084,104876,754632,364920,1678388,40,0,1165392,371788,187960,23544,6039612,7776,7776
18:21:42,"6,68896",0.0,39.0,2.5,208652,21888,208652,,156,1,1672216,104884,754636,364948,1673800,40,0,1160720,371724,187748,23680,6033372,7776,7776
18:21:43,"14,92537",0.0,8.333333333333334,2.333333333333333,208652,21888,208652,,156,1,1672344,104892,754636,364944,1674520,40,0,1160640,371788,187732,23460,6033988,7776,7776
18:21:44,"13,63636",0.0,15.0,2.0,208652,21888,208652,,156,1,1671468,104900,754636,364952,1684904,36,0,1172860,371788,187592,23464,6029948,7776,7776
18:21:46,"3,48028",0.0,21.0,1.3333333333333333,208652,21888,208652,,156,1,1668592,104908,754636,364960,1679016,40,0,1165180,370948,187840,23384,6020432,7776,7776
18:21:47,"32,25806",0.0,43.5,2.5,208652,21888,208652,,156,1,1685424,104916,754644,364968,1671000,44,0,1157204,370948,187672,23308,6023492,7808,7808
18:21:48,"111,11111",0.0,9.0,2.0,208652,21888,208652,,156,1,1671416,104924,754644,364976,1682992,44,0,1169364,371872,187768,23104,6016816,7776,7744
18:21:49,"7,11238",0.0,4.8,1.4,208652,21888,208652,,156,1,1671424,104932,754644,364984,1679368,44,0,1169500,371788,187580,23016,5998224,7776,7776
18:21:50,"6,51466",0.0,16.5,1.5,208652,21888,208652,,156,1,1665684,104940,754648,364992,1680064,36,0,1168008,371788,187568,22940,6000220,7744,7744
18:21:51,"400,00000",0.0,2.5,0.5,208652,21888,208652,,156,1,1666592,104948,754648,365000,1681756,40,0,1168036,371788,187584,22948,5994888,7776,7776
18:21:52,"4,46429",0.0,6.5,2.0,208652,21888,208652,,156,1,1664632,104956,754648,365008,1678004,40,0,1166488,371788,187424,22868,5993664,7776,7744
18:21:53,"55,55556",0.0,18.0,2.0,208652,21888,208652,,156,1,1662560,104964,754648,365016,1690780,4,0,1178492,371872,187292,22692,5984652,7744,7744
18:21:54,"5,42005",0.0,46.0,1.5,208652,21888,208652,,156,1,1656908,104972,754652,365024,1702720,28,0,1191948,371940,187108,22408,5986604,7744,7776
18:21:55,"5,74713",0.0,25.0,1.5,208652,21888,208652,,156,1,1653980,104980,754656,365044,1701784,24,0,1189740,371228,187148,22356,5967700,7744,7744
