VmPeak,VmRSS,VmSize,VmHWM,VmPTE,Threads,MemFree,Buffers,Cached,Active,Inactive,Dirty,Writeback,AnonPages,Mapped,Slab,PageTables,Committed_AS,NumOfAllocFH,proc_fd,label
209060,10652,209060,,148,1,441520,98096,846880,1228956,1974120,88,0,2171792,493516,238516,35900,8761700,11104,11104,12:12:57
209060,10652,209060,,148,1,441028,98112,847564,1229052,1972892,144,0,2169588,494076,238252,35680,8761272,11104,11104,12:12:58
209060,10652,209060,,148,1,435968,98116,847620,1229056,1974512,148,0,2171504,494208,238232,35768,8756332,11104,11104,12:12:59
209060,10652,209060,,148,1,438016,98124,848900,1229064,1974052,112,0,2172380,495488,238056,35480,8738984,11072,11072,12:13:00
209060,10652,209060,,148,1,464208,98132,848904,1229072,1957424,116,0,2153252,495416,237960,35468,8737012,11104,11104,12:13:01
209060,10652,209060,,148,1,469684,98140,845436,1229076,1953796,116,0,2153040,491360,238144,35656,8749236,11104,11104,12:13:02
209060,10652,209060,,148,1,456980,98148,841024,1229084,1950400,112,0,2153892,486976,238628,36484,8780488,11104,11072,12:13:03
209060,10652,209060,,148,1,468052,98156,840932,1229092,1951976,96,16,2160696,487008,239844,37712,8853752,11104,11104,12:13:04
209060,10652,209060,,148,1,459876,98164,840960,1229104,1953488,128,0,2157324,487024,241152,39368,8959468,11168,11168,12:13:05
209060,10652,209060,,148,1,451128,98172,840964,1229108,1955700,128,0,2158600,488028,241504,39180,8966996,11168,11168,12:13:06
209060,10652,209060,,148,1,445048,98180,840964,1229116,1953980,124,0,2157632,487616,241732,38852,8947320,11104,11104,12:13:07
209060,10652,209060,,148,1,442340,98188,840964,1229124,1956808,124,0,2160512,490884,240636,39016,8942668,11168,11136,12:13:08
209060,10652,209060,,148,1,447520,98196,840972,1229132,1955532,128,0,2158608,487272,241096,38888,8941980,11136,11136,12:13:09
209060,10652,209060,,148,1,451508,98200,840972,1229140,1955172,128,0,2158936,488100,240612,38612,8933228,11136,11136,12:13:11
209060,10652,209060,,148,1,457820,98208,840972,1229144,1957384,128,0,2161192,488112,240824,38592,8932800,11136,11136,12:13:12
209060,10652,209060,,148,1,453312,98216,840972,1229148,1955856,128,0,2161516,487432,240692,38484,8924692,11136,11136,12:13:13
209060,10652,209060,,148,1,452552,98224,842256,1229152,1960916,124,0,2163152,489276,240424,38576,8936728,11136,11136,12:13:14
209060,10652,209060,,148,1,446624,98232,842392,1229168,1961808,124,0,2163456,489088,240840,38520,8936364,11168,11168,12:13:15
209060,10652,209060,,148,1,426648,98276,845828,1229172,1983460,128,0,2184428,493424,241356,38604,8946400,11168,11168,12:13:16
209060,10652,209060,,148,1,420572,98284,848272,1229220,1987884,152,0,2185956,495712,240832,38516,8956332,11168,11168,12:13:17
209060,10652,209060,,148,1,426396,98308,845800,1229244,1982972,152,0,2181928,493416,240704,38596,8946172,11168,11168,12:13:18
209060,10652,209060,,148,1,414912,98316,845800,1229252,1983944,144,0,2182248,493332,240956,38512,8962080,11168,11168,12:13:19
209060,10652,209060,,148,1,423788,98344,849180,1229312,1988504,148,0,2184704,496068,240800,38600,8948752,11200,11200,12:13:20
209060,10652,209060,,148,1,421184,98352,849980,1229312,1991256,148,0,2185960,496876,240428,38580,8950112,11200,11200,12:13:21
209060,10652,209060,,148,1,401524,98356,851248,1229328,2009280,148,0,2202448,497984,240968,38608,8961876,11200,11200,12:13:22
209060,10652,209060,,148,1,403304,98364,851248,1229360,2009296,148,0,2202588,497256,240956,38688,8952520,11200,11200,12:13:23
209060,10652,209060,,148,1,408672,98372,851256,1229344,2011148,144,0,2204520,497816,240684,38604,8961008,11200,11200,12:13:24
209060,10652,209060,,148,1,415004,98380,846344,1229352,1995244,16,0,2193328,491980,240852,38500,8944636,11168,11168,12:13:25
209060,10652,209060,,148,1,411584,98388,842216,1229360,1990552,44,0,2196968,488440,240936,38828,8940536,11136,11136,12:13:26
209060,10652,209060,,148,1,418160,98396,841320,1229368,1992848,44,0,2196908,488068,240848,38432,8948232,11136,11136,12:13:28
209060,10652,209060,,148,1,415116,98404,841324,1229376,1993464,44,0,2196616,487948,240760,38544,8939608,11104,11104,12:13:29
209060,10652,209060,,148,1,417216,98412,841324,1229384,1991412,44,0,2193428,488164,240880,38564,8945548,11104,11104,12:13:30
209060,10652,209060,,148,1,414972,98420,841324,1229392,1990692,40,0,2194800,488248,240768,38484,8945548,11104,11104,12:13:31
209060,10652,209060,,148,1,409108,98428,841332,1229400,1992196,48,0,2196212,488248,240924,38648,8937140,11136,11136,12:13:32
209060,10652,209060,,148,1,416672,98436,841332,1229412,1992332,52,0,2196260,488168,240904,38652,8939376,11104,11104,12:13:33
209060,10652,209060,,148,1,412812,98444,841332,1229416,1994988,52,0,2197884,488164,240604,38488,8937616,11104,11104,12:13:34
209060,10652,209060,,148,1,410560,98452,841332,1229424,1995328,52,0,2198248,488248,240532,38740,8938740,11136,11136,12:13:35
209060,10652,209060,,148,1,413420,98460,841336,1229432,1997220,44,0,2200640,488164,240580,38656,8941396,11104,11104,12:13:36
209060,10652,209060,,148,1,391160,98468,841340,1229440,2005492,60,0,2211024,488172,240564,38508,8932056,11136,11136,12:13:37
209060,10652,209060,,148,1,412732,98476,841340,1229448,2000632,60,0,2203860,488248,240632,38568,8940168,11136,11104,12:13:38
209060,10652,209060,,148,1,438416,98484,841344,1229456,1988840,60,0,2191980,488184,241140,38664,8940148,11104,11104,12:13:39
209060,10652,209060,,148,1,435528,98492,836968,1229456,1987376,60,0,2194772,482704,240816,38568,8943592,11104,11104,12:13:40
209060,10652,209060,,148,1,440052,98524,836896,1229496,1983952,84,0,2193256,483632,240672,38564,8936620,11136,11136,12:13:41
209060,10652,209060,,148,1,431272,98532,836896,1229504,1986228,76,0,2193956,483716,240884,38640,8929740,11104,11104,12:13:42
209060,10652,209060,,148,1,441924,98540,836904,1229512,1984380,84,0,2192108,483632,240876,38644,8935536,11136,11104,12:13:43
209060,10652,209060,,148,1,450584,98548,836904,1229520,1985440,84,0,2193292,483716,240700,38564,8927156,11136,11136,12:13:44
209060,10652,209060,,148,1,441332,98556,836904,1229528,1986124,84,0,2193760,482960,240968,38732,8945892,11136,11136,12:13:46
209060,10652,209060,,148,1,446688,98564,836904,1229536,1989648,80,0,2196756,482960,240660,38480,8935688,11104,11104,12:13:47
209060,10652,209060,,148,1,447668,98572,836908,1229544,1986204,80,0,2193972,482960,240768,38488,8936072,11104,11104,12:13:48
209060,10652,209060,,148,1,441396,98580,836908,1229552,1988792,72,0,2196692,483704,240760,38624,8945504,11136,11136,12:13:49
209060,10652,209060,,148,1,439952,98588,836912,1229560,1986392,80,0,2195076,482644,241004,38656,8948860,11136,11136,12:13:50
209060,10652,209060,,148,1,438592,98596,836916,1229568,1989448,76,0,2195788,483592,240636,38584,8938184,11104,11104,12:13:51
209060,10652,209060,,148,1,429160,98604,836916,1229576,1991420,80,0,2197796,483716,240624,38652,8938608,11136,11136,12:13:52
209060,10652,209060,,148,1,424932,98612,836916,1229584,1988844,80,0,2194324,483632,240716,38652,8955116,11104,11136,12:13:53
209060,10652,209060,,148,1,415020,98620,836916,1229592,1988324,80,0,2199592,483800,240616,38572,8947184,11104,11104,12:13:54
209060,10652,209060,,148,1,413436,98628,836920,1229600,1991852,72,0,2197292,483884,240884,38572,8939056,11136,11104,12:13:55
209060,10652,209060,,148,1,418172,98636,836924,1229608,1993428,8,0,2198648,483296,240728,38400,8938552,11104,11104,12:13:56
209060,10652,209060,,148,1,409964,98644,836916,1229608,1988500,8,0,2193992,483716,241068,38652,8940424,11136,11136,12:13:57
209060,10652,209060,,148,1,422948,98652,836928,1229636,1989736,32,0,2197052,483680,240956,38600,8946280,11104,11104,12:13:58
209060,10652,209060,,148,1,411440,98660,836928,1229632,1990068,32,0,2195812,482708,240712,38488,8939256,11104,11104,12:13:59
209060,10652,209060,,148,1,427024,98668,836928,1229640,1980712,24,0,2186072,483716,240508,38568,8932776,11136,11136,12:14:00
209060,10652,209060,,148,1,435304,98676,836928,1229648,1977352,36,0,2182332,482624,240944,38900,8948384,11168,11136,12:14:01
209060,10652,209060,,148,1,441252,98684,836936,1229656,1978628,40,0,2184536,483224,240952,38576,8939864,11104,11104,12:14:03
209060,10652,209060,,148,1,434804,98692,836936,1229664,1982704,40,0,2187840,482708,240876,38736,8940820,11136,11104,12:14:04
209060,10652,209060,,148,1,443728,98700,836936,1229672,1983592,40,0,2189152,483728,240728,38680,8939824,11136,11136,12:14:05
209060,10652,209060,,148,1,431360,98708,836940,1229680,1980588,40,0,2186852,483800,240836,38488,8930604,11104,11104,12:14:06
209060,10652,209060,,148,1,428680,98716,836940,1229688,1980952,32,0,2186744,483800,240768,38568,8938800,11136,11136,12:14:07
209060,10652,209060,,148,1,430124,98724,836940,1229696,1982652,36,0,2188420,482708,240768,38572,8940208,11136,11136,12:14:08
209060,10652,209060,,148,1,427532,98732,836940,1229704,1984664,36,0,2190080,483608,240872,38612,8932928,11136,11136,12:14:09
209060,10652,209060,,148,1,433960,98740,836948,1229712,1979312,40,0,2184464,482960,240924,38496,8942280,11136,11136,12:14:10
209060,10652,209060,,148,1,441600,98748,836948,1229720,1982056,40,0,2186784,483716,240548,38580,8940088,11104,11104,12:14:11
209060,10652,209060,,148,1,429284,98756,836948,1229728,1983336,40,0,2188912,483716,240840,38748,8950448,11168,11168,12:14:12
209060,10652,209060,,148,1,420244,98764,836952,1229740,1983724,36,0,2191232,483700,241576,38612,8933060,11104,11136,12:14:13
209060,10652,209060,,148,1,422400,98772,836952,1229744,1980960,36,0,2189704,483800,241112,38580,8942048,11104,11104,12:14:14
209060,10652,209060,,148,1,430500,98780,836872,1229752,1979620,36,0,2186056,483120,240792,38536,8942848,11136,11136,12:14:15
209060,10652,209060,,148,1,433056,98788,836956,1229760,1983272,40,0,2190072,483660,240868,38500,8942836,11104,11104,12:14:16
209060,10652,209060,,148,1,434536,98796,836960,1229772,1986260,64,0,2192976,483752,240960,38568,8935956,11104,11104,12:14:17
209060,10652,209060,,148,1,427592,98804,836960,1229776,1987968,56,0,2195632,483716,240692,38456,8927572,11136,11136,12:14:18
209060,10652,209060,,148,1,426968,98812,836960,1229784,1983352,60,0,2190248,483800,240848,38376,8944684,11104,11104,12:14:19
209060,10652,209060,,148,1,423676,98820,836964,1229792,1983104,60,0,2195060,483716,240864,38456,8936056,11104,11104,12:14:20
209060,10652,209060,,148,1,432848,98828,836964,1229800,1987072,60,0,2193552,483044,240816,38376,8938132,11136,11136,12:14:22
209060,10652,209060,,148,1,422836,98836,836968,1229808,1987888,64,0,2194640,483212,240556,38632,8940100,11104,11104,12:14:23
209060,10652,209060,,148,1,422756,98844,836968,1229816,1992156,64,0,2198712,483800,240752,38464,8939292,11104,11104,12:14:24
209060,10652,209060,,148,1,420504,98852,836972,1229824,1987480,56,0,2193360,483716,240512,38888,8951212,11136,11136,12:14:25
209060,10652,209060,,148,1,422680,98860,836972,1229832,1987620,60,0,2196336,483716,240780,38468,8941368,11104,11104,12:14:26
209060,10652,209060,,148,1,404060,98868,837896,1229840,2002220,60,0,2210132,484220,240704,38468,8948180,11136,11136,12:14:27
209060,10652,209060,,148,1,403532,98876,837920,1229848,2000080,28,0,2205052,484468,240536,38496,8957596,11136,11136,12:14:28
209060,10652,209060,,148,1,413832,98896,837960,1229888,1995708,28,0,2202280,484736,240712,38416,8956508,11136,11136,12:14:29
209060,10652,209060,,148,1,427144,98904,837964,1229896,1997464,48,0,2204276,483644,240876,38496,8956480,11104,11104,12:14:30
209060,10652,209060,,148,1,425516,98912,837964,1229904,1988748,56,0,2195756,485240,240420,38504,8937960,11136,11136,12:14:31
209060,10652,209060,,148,1,414956,98920,837328,1229912,1989992,60,0,2197132,484128,240672,38472,8955532,11136,11104,12:14:32
209060,10652,209060,,148,1,424532,98924,836484,1229916,1982452,60,0,2192700,483164,240708,38492,8948004,11104,11104,12:14:33
209060,10652,209060,,148,1,414980,98932,836384,1229924,1987284,60,0,2195316,482620,240780,38388,8954652,11136,11136,12:14:34
209060,10652,209060,,148,1,420120,98940,836388,1229944,1983940,60,0,2192800,482428,240880,38580,8940220,11136,11136,12:14:35
209060,10652,209060,,148,1,418380,98948,836388,1229940,1986260,60,0,2196120,483292,240520,38340,8930672,11104,11104,12:14:36
209060,10652,209060,,148,1,436424,98956,836392,1229948,1980428,64,0,2187932,483208,240988,38308,8940572,11136,11104,12:14:37
209060,10652,209060,,148,1,443608,98964,836392,1229956,1982476,64,0,2190132,483208,240796,38012,8915224,11104,11104,12:14:38
209060,10652,209060,,148,1,428424,98972,836396,1229964,1984004,64,0,2191728,483208,240612,37972,8915636,11104,11104,12:14:40
209060,10652,209060,,148,1,422972,98980,836400,1229972,1981180,68,0,2188092,482200,240460,37940,8909360,11104,11104,12:14:41
209060,10652,209060,,148,1,432256,98984,836400,1229984,1981360,56,0,2188540,482616,240356,37748,8899440,11072,11072,12:14:42
